theme,question,option_a,option_b,option_c,option_d,correct,level
"Harry Potter","What is the name of Harry Potter's owl?","Crookshanks","Hedwig","Nagini","Buckbeak","B","easy"
"Harry Potter","What position does Harry Potter play in Quidditch?","Chaser","Keeper","Seeker","Beater","C","easy"
"Harry Potter","What is Hagrid's first name?","Albus","Rubeus","Remus","Severus","B","easy"
"Harry Potter","What is the name of the cat belonging to Hogwarts' caretaker, Argus Filch?","Mrs. Norris","Crookshanks","Nagini","Fawkes","A","easy"
"Harry Potter","What is the name of Harry Potter's hometown?","Privet Drive","Diagon Alley","Godric's Hollow","Hogsmeade","C","easy"
"Harry Potter","How many players are there on a Quidditch team?","5","7","9","11","B","easy"
"Harry Potter","What is the original name of the J.K. Rowling book “Harry Potter and the Sorcerer's Stone”?","Harry Potter and the Chamber of Secrets","Harry Potter and the Philosopher's Stone","Harry Potter and the Goblet of Fire","Harry Potter and the Prisoner of Azkaban","B","easy"
"Harry Potter","After being destroyed by the Whomping Willow, Harry's Nimbus 2000 is replaced with what broom?","Nimbus 2001","Firebolt","Cleansweep","Comet","B","easy"
"Harry Potter","What is Hermione Granger's middle name?","Jane","Jean","June","Joy","B","easy"
"Harry Potter","What pub does the Knight Bus drop Harry Potter off at after he flees the Dursleys' in “Harry Potter and the Prisoner of Azkaban”?","The Three Broomsticks","The Leaky Cauldron","The Hog's Head","The Shrieking Shack","B","easy"
"Harry Potter","What is the name of the house elf who warns Harry Potter against returning to Hogwarts in “Harry Potter and the Chamber of Secrets”?","Kreacher","Winky","Dobby","Hokey","C","easy"
"Harry Potter","What three schools of magic compete in the Triwizard Tournament in “Harry Potter and the Goblet of Fire”?","Hogwarts, Slytherin, and Ravenclaw","Hogwarts, Durmstrang and Beauxbatons","Hogwarts, Hufflepuff, and Gryffindor","Hogwarts, Ilvermorny, and Castelobruxo","B","easy"
"Harry Potter","What is Minerva McGonagall a professor of at Hogwarts School for Witchcraft and Wizardry?","Potions","Charms","Transfiguration","Defense Against the Dark Arts","C","easy"
"Harry Potter","Before “Twilight,” Robert Pattinson appeared in “Harry Potter and the Goblet of Fire” as what character?","Draco Malfoy","Cedric Diggory","Viktor Krum","Oliver Wood","B","easy"
"Harry Potter","What is the name of the wand shop in Diagon Alley?","Flourish and Blotts","Ollivanders","Madam Malkin's","Quality Quidditch Supplies","B","easy"
"Harry Potter","The deepest vaults of Gringotts Bank are protected by what?","A goblin","A troll","A dragon","A sphinx","C","easy"
"Harry Potter","What is the name of the plant with healing properties whose scream is so piercing it can be fatal?","Devil's Snare","Mandrake","Venomous Tentacula","Fluxweed","B","easy"
"Harry Potter","What are the four houses of Hogwarts?","Gryffindor, Slytherin, Hufflepuff and Ravenclaw","Durmstrang, Beauxbatons, Ilvermorny and Koldovstoretz","Gryffindor, Hufflepuff, Ravenclaw and Thunderbird","Slytherin, Pukwudgie, Horned Serpent and Wampus","A","easy"
"Harry Potter","What defensive spell can be used to deflect spells cast by enemies and other wizards?","Expelliarmus","The Protego spell","Stupefy","Accio","B","easy"
"Harry Potter","Which Harry Potter character is dubbed “The Half-Blood Prince”?","Draco Malfoy","Severus Snape","Tom Riddle","Horace Slughorn","B","easy"
"Harry Potter","What animal is Harry Potter's patronus?","A doe","A phoenix","The stag","A wolf","C","easy"
"Harry Potter","After missing the train, Harry and Ron use an enchanted car to fly to Hogwarts in “Chamber of Secrets.” What make and model is the automobile?","Ford Anglia","Volkswagen Beetle","Morris Minor","Austin Healey","A","easy"
"Harry Potter","In “Harry Potter and the Deathly Hallows” Harry swims to the bottom of a frozen pond to retrieve what magical item?","The Elder Wand","The sword of Gryffindor","The Resurrection Stone","The Sorting Hat","B","easy"
"Harry Potter","Who is the Defense Against the Dark Arts professor in “Harry Potter and the Prisoner of Azkaban”?","Gilderoy Lockhart","Remus Lupin","Mad-Eye Moody","Dolores Umbridge","B","easy"
"Harry Potter","What position does Ron Weasley play on Gryffindor's Quidditch team in the movie “Harry Potter and the Half-Blood Prince”?","Seeker","Chaser","Keeper (or goalie)","Beater","C","easy"
"Harry Potter","What does the Hogwarts’ motto “Draco Dormiens Nunquam Titillandus” mean?","Unity in magic","Never tickle a sleeping dragon","Knowledge is power","Courage under fire","B","easy"
"Harry Potter","What is the name of Albus Dumbledore's phoenix?","Hedwig","Fawkes","Fluffy","Norbert","B","easy"
"Harry Potter","What is a wizard or witch that can turn into a specific animal at will called?","Werewolf","Animagus","Metamorphmagus","Veela","B","easy"
"Harry Potter","What is Ron Weasley's biggest fear?","Heights","Darkness","Spiders","Failure","C","easy"
"Harry Potter","What is the name of Hagrid's hippogriff?","Norbert","Fluffy","Buckbeak","Aragog","C","easy"
"Harry Potter","Which Hogwarts' house does Luna Lovegood belong to?","Gryffindor","Slytherin","Hufflepuff","Ravenclaw","D","easy"
"Harry Potter","What organization is responsible for governing the wizarding world?","The Order of the Phoenix","The Ministry of Magic","Dumbledore's Army","The Death Eaters","B","easy"
"Harry Potter","What train station is home to the Hogwarts Express?","Platform 9 3/4","King's Cross Station","Euston Station","Paddington Station","B","easy"
"Harry Potter","At what Diagon Alley store can Hogwarts students purchase their robes?","Ollivanders","Flourish and Blotts","Madam Malkin's","Weasleys' Wizard Wheezes","C","easy"
"Harry Potter","For which wizarding family was Dobby, the house elf, in servitude to?","The Weasleys","The Grangers","The Malfoys","The Potters","C","easy"
"Harry Potter","What is the name of Hermione Granger's cat?","Hedwig","Crookshanks","Mrs. Norris","Nagini","B","easy"
"Harry Potter","What are Harry Potter’s parents’ names?","Lily and James","Petunia and Vernon","Molly and Arthur","Narcissa and Lucius","A","easy"
"Harry Potter","Who is Hermione’s date at the Yule Ball?","Harry Potter","Ron Weasley","Viktor Krum","Draco Malfoy","C","easy"
"Harry Potter","Who is the head of the Hufflepuff House?","Professor McGonagall","Professor Flitwick","Professor Sprout","Professor Snape","C","easy"
"Harry Potter","What kind of owl is Hedwig?","Barn owl","A snowy owl","Screech owl","Tawny owl","B","easy"
"Harry Potter","Actor Robbie Coltrane played what beloved character in the Harry Potter movies?","Dumbledore","Hagrid","Snape","Sirius Black","B","easy"
"Harry Potter","What spell instantly removes the wand from your challenger's hand?","Stupefy","Expelliarmus","Petrificus Totalus","Alohomora","B","easy"
"Harry Potter","What is the name of the shape-shifter that can appear in the likeness of a person's worst fear?","Dementor","Boggart","Werewolf","Poltergeist","B","easy"
"Harry Potter","Harry Potter and the Dursleys live on Privet Drive in Surrey. What is the house number?","4","7","12","9","A","easy"
"Harry Potter","The Hogwarts Express departs from what platform?","9 3/4","7 1/2","10 1/2","8 3/4","A","easy"
"Harry Potter","What must one use to travel via the Floo Network?","Apparition","Portkey","Floo powder","Knight Bus","C","easy"
"Harry Potter","In “Harry Potter and the Prisoner of Azkaban,” Hagrid receives a promotion at Hogwarts. What is his new role?","Potions Master","Care of Magical Creatures professor","Defense Against the Dark Arts","Transfiguration","B","easy"
"Harry Potter","Who was Draco Malfoy's date at the Yule Ball in “Harry Potter and the Goblet of Fire”?","Hermione Granger","Pansy Parkinson","Luna Lovegood","Cho Chang","B","easy"
"Harry Potter","In Harry Potter's first Quidditch match, how does he “catch” the snitch to win the game?","With his hand","In his mouth","With his broom","With a spell","B","easy"
"Harry Potter","What is the name of the ice cream shop in Diagon Alley?","Florean Fortescue’s Ice Cream Parlour","Honeydukes","Zonko's Joke Shop","Quality Quidditch Supplies","A","easy"
"Harry Potter","What is the name of the first trap that Harry, Ron, and Hermione must survive to get past under the trap door in Harry Potter and the Sorcerer's Stone?","Fluffy the three-headed dog","The Devil's Snare","A troll in the dungeon","The chessboard challenge","B","easy"
"Harry Potter","Who is the first person to approach Harry and Ron in their train compartment on the Hogwarts Express?","Draco Malfoy","Hagrid","Hermione","Neville Longbottom","C","easy"
"Harry Potter","Which day does the first term of Hogwarts start on?","September 1st","October 31st","July 31st","December 25th","A","easy"
"Harry Potter","According to the books, what is the address of the Dursleys?","12 Grimmauld Place","4 Privet Drive","The Burrow","Godric's Hollow","B","easy"
"Harry Potter","How many presents did Dudley first think he received on his birthday, causing a tantrum?","38, which he thought were two more than last year","36, which he thought were two less than last year","40, which he thought were the same as last year","34, which he thought were four less than last year","B","easy"
"Harry Potter","In Harry Potter and the Sorcerer's Stone, on a night in the Forbidden Forest, Ronan and Bane remark on a certain planet being bright. Which planet is it?","Jupiter","Mars","Venus","Saturn","B","easy"
"Harry Potter","What type of creature does Professor Gilderoy Lockhart set free in his class?","Cornish Pixies","Dementors","Blast-Ended Skrewts","Nifflers","A","easy"
"Harry Potter","What brand of broomstick do Fred and George fly?","Nimbus 2000","Firebolt","Cleansweep","Comet 260","C","easy"
"Harry Potter","What's the name of the first spell Harry uses against Malfoy in dueling club?","Expelliarmus","Rictusempra, the tickling spell","Stupefy","Wingardium Leviosa","B","easy"
"Harry Potter","Who was Percy Weasley secretly in a relationship with?","Penelope Clearwater","Cho Chang","Lavender Brown","Fleur Delacour","A","easy"
"Harry Potter","Prior to Hagrid taking over, which teacher handled the Care of Magical Creatures class?","Professor Grubbly-Plank","Professor Silvanus Kettleburn","Professor Trelawney","Professor Sprout","B","easy"
"Harry Potter","Which Hippogriff does Harry bond with?","Witherwings","Buckbeak","Firenze","Aragog","B","easy"
"Harry Potter","Which magical creatures were used as the Bulgarian National Quidditch Team mascots?","House-elves","Veela","Centaurs","Goblins","B","easy"
"Harry Potter","Professor Moody says in class that everyone needs one thing above all else–what is it?","Constant vigilance","A good wand","True friends","Lots of gold","A","easy"
"Harry Potter","In Harry Potter and the Goblet of Fire, which curse is placed on Neville Longbottom's parents?","The Imperius Curse","The Cruciatus Curse","The Killing Curse","The Sectumsempra","B","easy"
"Harry Potter","When Hermione is petrified by the basilisk in Harry Potter and the Chamber of Secrets, what cures her?","A bezoar","Professor Sprout's Mandrake Restorative Draught","Polyjuice Potion","Felix Felicis","B","easy"
"Harry Potter","What spell is cast by Professor McGonagall in Harry Potter and the Deathly Hallows: Part 2 to animate the Hogwarts statues?","Expecto Patronum","Piertotum Locomotor","Accio","Alohomora","B","easy"
"Harry Potter","Before Harry, who is the last person to duel Voldemort in the Battle of Hogwarts in Harry Potter and the Deathly Hallows: Part 2?","Ron Weasley","Neville Longbottom","Ginny Weasley","Luna Lovegood","B","easy"
"Harry Potter","What is the name of the conductor of the Knight Bus?","Ernie Prang","Stan Shunpike","Kingsley Shacklebolt","Aberforth Dumbledore","B","easy"
"Harry Potter","What causes Ron and Hermione to stop speaking to each other in Harry Potter and the Prisoner of Azkaban?","Ron believes Hermione's cat, Crookshanks, is the reason his pet rat, Scabbers has gone missing","A fight over homework","Jealousy over Quidditch","A misunderstanding about the Yule Ball","A","easy"
"Harry Potter","What does Uncle Vernon’s sister, Marge Dursley, do for a living?","She's a teacher","She's a bulldog breeder","She's a banker","She's a shopkeeper","B","easy"
"Harry Potter","Which two creatures are Hippogriffs a mix of?","Lions and tigers","Horses and eagles","Dragons and unicorns","Wolves and birds","B","easy"
"Harry Potter","Which family wins the Daily Prophet Grand Prize Galleon Draw?","The Malfoys","The Potters","The Weasleys","The Dumbledores","C","easy"
"Harry Potter","What speciality is Minerva McGonagall a professor of?","Potions","Transfiguration","Charms","Defense Against the Dark Arts","B","easy"
"Harry Potter","Where do the Weasleys go on vacation with their winnings?","France","Egypt","Australia","Romania","B","easy"
"Harry Potter","What is the name of the type of magical bowl that displays memories in a liquid, vapor form?","A cauldron","A Pensieve","A goblet","A vial","B","easy"
"Harry Potter","Which spell is used to banish a boggart?","Expecto Patronum","The Riddikulus spell","Lumos","Protego","B","easy"
"Harry Potter","What secret about his form is Professor Remus Lupin hiding?","He's an animagus","He's a werewolf","He's a vampire","He's a giant","B","easy"
"Harry Potter","What spell can instantly remove a challenger's wand from their hand?","Stupefy","Expelliarmus","Petrificus Totalus","Avada Kedavra","B","easy"
"Harry Potter","Which actor appeared in Goblet of Fire as Cedric Diggory before being known for portraying Edward in Twilight?","Daniel Radcliffe","Robert Pattinson","Rupert Grint","Tom Felton","B","easy"
"Harry Potter","Which Diagon Alley shop sells robes, uniforms and other various school supplies?","Ollivanders","Flourish and Blotts","Madam Malkin’s Robes for All Occasions","Quality Quidditch Supplies","C","easy"
"Harry Potter","In the books, what is named as Harry's favorite dessert?","Pumpkin pasties","Treacle Tart","Butterbeer","Chocolate frogs","B","easy"
"Harry Potter","What concoction helps Harry and Ron appear as Crabbe and Goyle in Harry Potter and the Chamber of Secrets?","Veritaserum","Polyjuice Potion","Amortentia","Draught of Living Death","B","easy"
"Harry Potter","What is Hagrid's first name?","Albus","Rubeus","Remus","Rube","B","easy"
"Harry Potter","Which broomstick does Harry Potter receive in Harry Potter and the Philosopher’s Stone?","Firebolt","Nimbus 2000","Cleansweep Seven","Comet 290","B","easy"
"Harry Potter","What are the first names of the Patil sisters?","Parvati and Padma","Pansy and Penelope","Petunia and Padma","Parvati and Penelope","A","easy"
"Harry Potter","In which book is Luna Lovegood introduced?","Harry Potter and the Chamber of Secrets","Harry Potter and the Prisoner of Azkaban","Harry Potter and the Order of the Phoenix","Harry Potter and the Goblet of Fire","C","easy"
"Harry Potter","What type of animal does Ginny kill while possessed by Voldemort in Harry Potter and the Chamber of Secrets?","Owls","Roosters","Cats","Snakes","B","easy"
"Harry Potter","Which magical sweet comes with collectible cards displaying famous witches and wizards?","Bertie Bott's Every Flavor Beans","Chocolate frogs","Pumpkin pasties","Cauldron Cakes","B","easy"
"Harry Potter","What does Dobby the House Elf call Ron Weasley?","Tall one","“Wheezy”","Redhead","Friend of Harry","B","easy"
"Harry Potter","What is the Gryffindor motto?","Wit beyond measure is man's greatest treasure","Forti Animo Estote","Draco dormiens nunquam titillandus","In the name of Merlin","B","easy"
"Harry Potter","What do wizards call people who were born into wizarding families but don’t have any powers?","Muggles","Squibs","Obscurials","Half-bloods","B","easy"
"Harry Potter","Which Hogwarts house did the Sorting Hat consider putting Hermione in before deciding on Gryffindor?","Slytherin","Hufflepuff","Ravenclaw","None, it was always Gryffindor","C","easy"
"Harry Potter","What was Moaning Myrtle’s real name?","Myrtle McGonagall","Myrtle Warren","Myrtle Malfoy","Myrtle Moody","B","easy"
"Harry Potter","How do Lily and Snape meet for the first time?","At Hogwarts","Snape lived in the same town and introduced himself to Lily after he saw her doing magic","Through a family connection","At a Quidditch match","B","easy"
"Harry Potter","How many Horcruxes did Voldemort create intentionally?","Five","Six, including Tom Riddle's diary, Marvolo Gaunt's ring, Salazar Slytherin's locket, Helga Hufflepuff's cup, Rowena Ravenclaw's diadem, and Nagini the snake","Seven","Eight","B","easy"
"Harry Potter","What is the primary ingredient in Polyjuice potion?","Boomslang skin","The hair of the person you want to transform into","Lacewing flies","Leeches","B","easy"
"Harry Potter","What is the correct birth order of the Weasley children?","Percy, Bill, Charlie, Fred and George, Ron, Ginny","Bill, Charlie, Percy, Fred and George, Ron, Ginny","Charlie, Bill, Percy, Ron, Fred and George, Ginny","Bill, Percy, Charlie, George and Fred, Ginny, Ron","B","easy"
"Harry Potter","What is the name of the magical map that shows the entire layout of Hogwarts?","The Marauder's Map","The Pensieve","The Marauder's Mirror","The Invisibility Map","A","easy"
"Harry Potter","What is the name of the creature guarding the trapdoor in Harry Potter and the Sorcerer's Stone?","A basilisk","Fluffy","Aragog","A sphinx","B","easy"
"Harry Potter","What is the name of Harry's owl?","Hedwig","Errol","Pigwidgeon","Fawkes","A","easy"
"Harry Potter","Who is the headmaster of Hogwarts in the first movie?","Albus Dumbledore","Severus Snape","Minerva McGonagall","Remus Lupin","A","easy"
"Harry Potter","What position does Harry play on the Gryffindor Quidditch team?","Seeker","Chaser","Beater","Keeper","A","easy"
"Harry Potter","What is the name of the three-headed dog guarding the Sorcerer's Stone?","Fluffy","Fang","Norbert","Aragog","A","easy"
"Harry Potter","Which house does Harry get sorted into?","Gryffindor","Slytherin","Hufflepuff","Ravenclaw","A","easy"
"Harry Potter","What spell does Hermione use to fix Harry's glasses?","Oculus Reparo","Wingardium Leviosa","Alohomora","Expelliarmus","A","easy"
"Harry Potter","What is the name of the Weasley family home?","The Burrow","Malfoy Manor","Grimmauld Place","Hogwarts","A","easy"
"Harry Potter","Who plays Quidditch for Slytherin and bullies Harry?","Draco Malfoy","Ron Weasley","Neville Longbottom","Seamus Finnigan","A","easy"
"Harry Potter","What creature is hidden in the Chamber of Secrets?","Basilisk","Dragon","Giant Squid","Hippogriff","A","easy"
"Harry Potter","What is the full name of the school in the Harry Potter movies?","Hogwarts School of Witchcraft and Wizardry","Durmstrang Institute","Beauxbatons Academy","Ilvermorny School","A","easy"
"Harry Potter","What color is the Knight Bus?","Purple","Red","Black","Green","A","easy"
"Harry Potter","Who is Harry's godfather?","Sirius Black","Remus Lupin","Albus Dumbledore","Rubeus Hagrid","A","easy"
"Harry Potter","What does the Marauder's Map show?","Locations of people in Hogwarts","Secret passages","Both A and B","Horcruxes","C","easy"
"Harry Potter","What is the name of the goblin who helps Harry in Gringotts?","Griphook","Gornuk","Bogrod","Ragnok","A","easy"
"Harry Potter","Which professor teaches Defense Against the Dark Arts in the second movie?","Gilderoy Lockhart","Remus Lupin","Mad-Eye Moody","Dolores Umbridge","A","easy"
"Harry Potter","What is Hagrid's pet spider called?","Aragog","Fang","Buckbeak","Norbert","A","easy"
"Harry Potter","Who wins the House Cup in the first movie?","Gryffindor","Slytherin","Hufflepuff","Ravenclaw","A","easy"
"Harry Potter","What is the name of the potion that allows the drinker to assume another's appearance?","Polyjuice Potion","Veritaserum","Felix Felicis","Amortentia","A","easy"
"Harry Potter","What creature does Hagrid try to raise in the first movie?","Norwegian Ridgeback Dragon","Hippogriff","Unicorn","Phoenix","A","easy"
"Harry Potter","Who is the sorting hat afraid of in the second movie?","Tom Riddle","Draco Malfoy","Ginny Weasley","Lucius Malfoy","A","easy"
"Harry Potter","What is the name of the pub in Hogsmeade?","The Three Broomsticks","The Hog's Head","Both A and B","Leaky Cauldron","C","easy"
"Harry Potter","What spell is used to summon objects?","Accio","Lumos","Nox","Petrificus Totalus","A","easy"
"Harry Potter","Who teaches Harry how to fly a broomstick?","Madam Hooch","Rubeus Hagrid","Rolanda Hooch","Both A and B","D","easy"
"Harry Potter","What is the name of the ghost of Slytherin?","The Bloody Baron","Nearly Headless Nick","The Fat Friar","The Grey Lady","A","easy"
"Harry Potter","In the third movie, what animal saves Sirius Black?","Hippogriff","Phoenix","Thestral","Owl","A","easy"
"Harry Potter","What is the core of Harry's wand?","Phoenix feather","Dragon heartstring","Unicorn hair","Veela hair","A","easy"
"Harry Potter","Who is the half-giant gamekeeper at Hogwarts?","Rubeus Hagrid","Olympe Maxime","Firenze","Grawp","A","easy"
"Harry Potter","What event is announced in the fourth movie?","The Triwizard Tournament","The Quidditch World Cup","Yule Ball","All of the above","D","easy"
"Harry Potter","What is the name of Voldemort's snake?","Nagini","Salzar","Viper","Basil","A","easy"
"Harry Potter","Which character is a werewolf?","Remus Lupin","Fenrir Greyback","Both A and B","Sirius Black","C","easy"
"Harry Potter","What does Dobby the house-elf do in the second movie?","Warns Harry","Knits socks","Both A and B","Steals letters","A","easy"
"Harry Potter","What is the password to the Gryffindor common room in the first movie?","Caput Draconis","Pig Snout","Wattlebird","Baublygum","A","easy"
"Harry Potter","Who is the potions master at Hogwarts?","Severus Snape","Horace Slughorn","Both A and B","Minerva McGonagall","C","easy"
"Harry Potter","What flying car do Ron and Harry use to get to Hogwarts?","Ford Anglia","Nimbus 2000","Firebolt","Cleansweep","A","easy"
"Harry Potter","What is the name of the mirror that shows one's heart's desire?","Mirror of Erised","Pensieve","Sorting Hat","Marauder's Map","A","easy"
"Harry Potter","In the third movie, what subject does Professor Trelawney teach?","Divination","Care of Magical Creatures","Muggle Studies","Astronomy","A","easy"
"Harry Potter","What is the name of the bank where wizards store their money?","Gringotts","Hogwarts Vault","Diagon Alley Bank","Wizarding Vault","A","easy"
"Harry Potter","Who pretends to be Mad-Eye Moody in the fourth movie?","Barty Crouch Jr.","Igor Karkaroff","Ludo Bagman","Viktor Krum","A","easy"
"Harry Potter","What creature pulls the carriages to Hogwarts?","Thestrals","Hippogriffs","Abraxans","Invisible horses","A","easy"
"Harry Potter","What is Hermione's patronus?","Otter","Stag","Doe","Phoenix","A","easy"
"Harry Potter","In the fifth movie, who leads the Inquisitorial Squad?","Draco Malfoy","Pansy Parkinson","Both A and B","Luna Lovegood","C","easy"
"Harry Potter","What spell unlocks doors?","Alohomora","Bombarda","Reducto","Diffindo","A","easy"
"Harry Potter","Who is the minister of magic in the later movies?","Cornelius Fudge","Rufus Scrimgeour","Both A and B","Kingsley Shacklebolt","C","easy"
"Harry Potter","What is the name of the radio show that announces Voldemort's return?","Potterwatch","Wizarding Wireless Network","Both A and B","Daily Prophet","A","easy"
"Harry Potter","In the sixth movie, what does Dumbledore drink?","Potion of Despair","Felix Felicis","Veritaserum","Draught of Living Death","A","easy"
"Harry Potter","What is the name of the Weasleys' shop in Diagon Alley?","Weasleys' Wizard Wheezes","Borgin and Burkes","Flourish and Blotts","Quality Quidditch Supplies","A","easy"
"Harry Potter","Who teaches Transfiguration?","Minerva McGonagall","Filius Flitwick","Pomona Sprout","Sybill Trelawney","A","easy"
"Harry Potter","What is the core of Voldemort's wand?","Phoenix feather","Dragon heartstring","Unicorn hair","Same as Harry's","A","easy"
"Harry Potter","In the seventh movie, what protects the entrance to the Room of Requirement?","Fire","Dragons","Goblins","Acromantulas","A","easy"
"Harry Potter","What is the final Horcrux destroyed in the movies?","Nagini","Diadem","Both A and B","Locket","A","easy"
"Harry Potter","Which skeletal, winged creatures, visible only to those who have witnessed death firsthand, pull the carriages to Hogwarts beginning in Year 5?","Thestrals","Hippogriffs","Phoenixes","Dragons","A","medium"
"Harry Potter","What is the name of the surly Black family house-elf, who eventually helps Harry and his friends despite his reluctance?","Dobby","Winky","Kreacher","Hokey","C","medium"
"Harry Potter","Which professor teaches Divination in the North Tower and is known for her dramatic predictions?","Professor McGonagall","Professor Trelawney","Professor Sprout","Professor Flitwick","B","medium"
"Harry Potter","James Potter and his three friends were Animagi and pranksters. What was James’s Marauder nickname?","Padfoot","Wormtail","Moony","Prongs","D","medium"
"Harry Potter","What potion, sometimes referred to as “Liquid Luck,” grants extraordinary good fortune for a limited time?","Polyjuice Potion","Veritaserum","Felix Felicis","Draught of Living Death","C","medium"
"Harry Potter","In Philosopher’s Stone, which number vault at Gringotts holds the Philosopher’s Stone under heavy protection?","Vault 687","Vault 713","Vault 411","Vault 1000","B","medium"
"Harry Potter","What is the incantation for the Summoning Charm, which Harry uses to call his broom during the Triwizard Tournament?","Expelliarmus","Accio","Wingardium Leviosa","Expecto Patronum","B","medium"
"Harry Potter","Which ghost serves as the spectral representative of Slytherin house?","Nearly Headless Nick","The Fat Friar","The Grey Lady","The Bloody Baron","D","medium"
"Harry Potter","What is the name of the French wizarding school from which Fleur Delacour hails during the Triwizard Tournament?","Durmstrang","Beauxbatons Academy of Magic","Ilvermorny","Castelobruxo","B","medium"
"Harry Potter","What is the effect of the Imperius Curse, one of the three Unforgivable Curses?","Causes unbearable pain","Kills instantly","Allows the caster to control the victim’s actions completely","Erases memories","C","medium"
"Harry Potter","What kind of creature is Buckbeak, who befriends Harry and later travels with Sirius?","Centaur","Hippogriff","Thestral","Basilisk","B","medium"
"Harry Potter","Who was the original owner of Harry’s Invisibility Cloak, passed down through his father?","Godric Gryffindor","Salazar Slytherin","Ignotus Peverell","Rowena Ravenclaw","C","medium"
"Harry Potter","In the Triwizard Tournament’s first task, which breed of dragon does Harry face?","Norwegian Ridgeback","Swedish Short-Snout","Hungarian Horntail","Chinese Fireball","C","medium"
"Harry Potter","Voldemort’s loyal snake companion and Horcrux is named what?","Nagini","Basilisk","Runespoor","Boomslang","A","medium"
"Harry Potter","Before Albus Dumbledore, who was headmaster of Hogwarts?","Phineas Nigellus Black","Armando Dippet","Dexter Fortescue","Dilys Derwent","B","medium"
"Harry Potter","What is the only known cure for basilisk venom, which saves Harry in the Chamber of Secrets?","Mandrake root","Phoenix tears","Bezoar","Wolfsbane Potion","B","medium"
"Harry Potter","What form does a Boggart take when it appears before someone?","The shape of that person’s greatest fear","A black dog","A dementor","A snake","A","medium"
"Harry Potter","After Cornelius Fudge, who is appointed Minister for Magic?","Pius Thicknesse","Rufus Scrimgeour","Kingsley Shacklebolt","Amelia Bones","B","medium"
"Harry Potter","When Hermione signals the D.A. members during training, what color sparks does she send into the air?","Green","Blue","Red","Gold","C","medium"
"Harry Potter","What is Nymphadora Tonks’s most disliked first name?","Andromeda","Bellatrix","Nymphadora","Narcissa","C","medium"
"Harry Potter","What Horcrux does Ron Weasley personally destroy with the Sword of Gryffindor?","Tom Riddle’s diary","Salazar Slytherin’s locket","Helga Hufflepuff’s cup","Rowena Ravenclaw’s diadem","B","medium"
"Harry Potter","Who is eventually revealed to be the Half-Blood Prince?","Remus Lupin","Severus Snape","Horace Slughorn","Regulus Black","B","medium"
"Harry Potter","Luna Lovegood, with her eccentric style and open mind, is sorted into which Hogwarts house?","Hufflepuff","Gryffindor","Ravenclaw","Slytherin","C","medium"
"Harry Potter","What enchanted object determines which house each new student belongs to at Hogwarts?","The Marauder’s Map","The Sorting Hat","The Pensieve","The Deluminator","B","medium"
"Harry Potter","In what year was Harry James Potter born, marking the beginning of the prophecy era?","1979","1980","1981","1982","C","medium"
"Harry Potter","During their escape from Malfoy Manor, who kills Dobby with a thrown knife?","Lucius Malfoy","Draco Malfoy","Bellatrix Lestrange","Fenrir Greyback","C","medium"
"Harry Potter","What potion forces the drinker to reveal only the truth, used by interrogators?","Felix Felicis","Veritaserum","Amortentia","Polyjuice Potion","B","medium"
"Harry Potter","Which professor, beloved by students, is revealed to be a werewolf?","Gilderoy Lockhart","Remus Lupin","Quirinus Quirrell","Sybill Trelawney","B","medium"
"Harry Potter","What animal shape does Lily Potter’s Patronus take, echoing Severus Snape’s?","A stag","A wolf","A doe","An otter","C","medium"
"Harry Potter","Who guards the portrait hole to the Gryffindor common room and demands a password for entry?","The Fat Monk","The Fat Lady","Sir Nicholas","The Baron","B","medium"
"Harry Potter","What magical map reveals everyone’s location inside Hogwarts in real time?","The Marauder’s Map","The Map of the Marauders","The Hogwarts Map","The Invisibility Map","A","medium"
"Harry Potter","Arthur Weasley, fascinated by Muggles, particularly obsesses over what ordinary household item?","Toasters","Plugs","Televisions","Radios","B","medium"
"Harry Potter","Viktor Krum, who represents Durmstrang at the Triwizard Tournament, plays professional Quidditch in what position?","Chaser","Beater","Keeper","Seeker","D","medium"
"Harry Potter","What is the incantation for the spell that repairs broken objects?","Reparo","Oculus Reparo","Finite Incantatem","Episkey","A","medium"
"Harry Potter","In which numbered Gringotts vault are the Potters’ savings kept?","Vault 713","Vault 687","Vault 411","Vault 1000","B","medium"
"Harry Potter","On what street and house number do the Dursleys live, raising Harry for much of his early life?","12 Grimmauld Place","4 Privet Drive, Little Whinging","Godric’s Hollow","Spinner’s End","B","medium"
"Harry Potter","Which founder of Hogwarts was known for his cunning, ambition, and preference for pure-blood wizards?","Godric Gryffindor","Helga Hufflepuff","Rowena Ravenclaw","Salazar Slytherin","D","medium"
"Harry Potter","During the third task of the Triwizard Tournament, which student is killed in the graveyard after touching the Cup?","Viktor Krum","Fleur Delacour","Cedric Diggory","Cho Chang","C","medium"
"Harry Potter","Which Hogwarts instructor teaches the basics of flying broomsticks to first-years?","Professor Hooch","Madam Hooch","Professor Sinistra","Madam Pince","B","medium"
"Harry Potter","Who was the very first known prisoner to escape successfully from Azkaban?","Bellatrix Lestrange","Sirius Black","Peter Pettigrew","Barty Crouch Jr.","B","medium"
"Harry Potter","Neville Longbottom proves talented in Herbology. Which unusual plant does he grow that can squirt stinking pus when prodded?","Devil’s Snare","Mimbulus Mimbletonia","Mandrake","Venomous Tentacula","B","medium"
"Harry Potter","What are the names of Draco Malfoy’s two ever-present cronies and bodyguards at school?","Blaise Zabini and Theodore Nott","Vincent Crabbe and Gregory Goyle","Pansy Parkinson and Millicent Bulstrode","Marcus Flint and Adrian Pucey","B","medium"
"Harry Potter","In Dumbledore’s will, what book of wizarding fairy tales does he leave to Hermione?","Fantastic Beasts and Where to Find Them","The Tales of Beedle the Bard","Hogwarts: A History","The Standard Book of Spells","B","medium"
"Harry Potter","Which spell is also referred to as the “Full Body-Bind Curse,” freezing its victim in place?","Stupefy","Petrificus Totalus","Impedimenta","Expelliarmus","B","medium"
"Harry Potter","At the Quidditch World Cup in Goblet of Fire, which country wins the match, even though Viktor Krum catches the Snitch?","Bulgaria","Ireland","England","France","B","medium"
"Harry Potter","During the Battle of Hogwarts, who bravely kills Nagini, Voldemort’s final Horcrux?","Ron Weasley","Hermione Granger","Neville Longbottom","Luna Lovegood","C","medium"
"Harry Potter","Harry’s wand is made of holly, but what magical core does it contain?","Dragon heartstring","Unicorn hair","Phoenix feather","Veela hair","C","medium"
"Harry Potter","What effect does the spell “Obliviate” have on a victim?","Causes pain","It erases or alters their memories","Summons objects","Levitate people","B","medium"
"Harry Potter","What is the name of the Weasley family’s clumsy, elderly owl who often crashes into things?","Pigwidgeon","Hedwig","Errol","Hermes","C","medium"
"Harry Potter","What is Dolores Umbridge’s middle name, revealed in official Ministry records?","Eileen","Jane","Muriel","Petunia","B","medium"
"Harry Potter","What is the name of Dumbledore’s phoenix in the Harry Potter movies?","Flitwick","Fawkes","Firenze","Filius","B","medium"
"Harry Potter","Who was the first goblin that Harry ever met in the movies?","Bogrod","Griphook","Ragnok","Gornuk","B","medium"
"Harry Potter","What spell does Hermione use to fix Harry’s glasses in The Sorcerer’s Stone?","Reparo","Oculus Reparo","Spectacle Fixus","Visus Correcto","B","medium"
"Harry Potter","What magical ability allows Harry to speak to snakes in the movies?","Serpent Speech","Parseltongue","Viper Tongue","Sssspeaker Charm","B","medium"
"Harry Potter","Who originally owned the Elder Wand before Dumbledore in the movies?","Grindelwald","Antioch Peverell","Ignotus Peverell","Cadmus Peverell","B","medium"
"Harry Potter","What is the name of the Weasley family’s owl in the movies?","Pigwidgeon","Errol","Hermes","Scabbers","B","medium"
"Harry Potter","What is the full name of Nearly Headless Nick in the movies?","Sir Nicholas de Mimsy-Porpington","Sir Nickolas the Nearly Beheaded","Baron Nicholas de Gryffindor","Ghostly Sir Nick de Porpington","A","medium"
"Harry Potter","What potion allows the drinker to take on someone else’s appearance in the movies?","Veritaserum","Polyjuice Potion","Felix Felicis","Amortentia","B","medium"
"Harry Potter","What is the name of Hagrid’s half-brother in the movies?","Grawp","Norbert","Fang","Buckbeak","A","medium"
"Harry Potter","Who is the author of Fantastic Beasts and Where to Find Them in the movies?","Albus Dumbledore","Newt Scamander","Rubeus Hagrid","Luna Lovegood","B","medium"
"Harry Potter","What is the name of the ghost who haunts the girls’ bathroom in the movies?","The Grey Lady","Moaning Myrtle","Peeves","The Bloody Baron","B","medium"
"Harry Potter","Who was the first prisoner to escape from Azkaban in the movies?","Bellatrix Lestrange","Sirius Black","Peter Pettigrew","Barty Crouch Jr.","B","medium"
"Harry Potter","What does “Riddikulus” do when cast at a Boggart in the movies?","Makes it disappear","Transforms it into something funny","Freezes it in place","Turns it into a rat","B","medium"
"Harry Potter","What is the name of the village near Hogwarts in the movies?","Diagon Alley","Hogsmeade","Godric's Hollow","Little Hangleton","B","medium"
"Harry Potter","What are the last names of the four Marauders in the movies?","Potter, Black, Lupin, Pettigrew","Weasley, Granger, Malfoy, Longbottom","Dumbledore, Snape, McGonagall, Flitwick","Riddle, Gaunt, Peverell, Grindelwald","A","medium"
"Harry Potter","What type of wood is Harry’s wand made of in the movies?","Oak","Holly","Elder","Vine","B","medium"
"Harry Potter","What does Felix Felicis do in the movies?","Creates illusions","Gives the drinker good luck","Reveals truths","Heals wounds","B","medium"
"Harry Potter","What magical creature pulls the carriages that take students to Hogwarts in the movies?","Hippogriffs","Thestrals","Centaurs","Abraxans","B","medium"
"Harry Potter","What is the full name of the room that appears when needed at Hogwarts in the movies?","The Hidden Chamber","The Room of Requirement","The Vanishing Room","The Secret Suite","B","medium"
"Harry Potter","What is the incantation for the Shield Charm in the movies?","Deflecto","Protego","Armorus","Barrierus","B","medium"
"Harry Potter","What spell creates light at the tip of the wand in the movies?","Illuminos","Lumos","Nox","Flagrate","B","medium"
"Harry Potter","What is the counter-spell for “Lumos” in the movies?","Lumos Maxima","Nox","Revelio","Finite Incantatem","B","medium"
"Harry Potter","What spell makes objects fly in the movies?","Accio","Wingardium Leviosa","Levioso","Floo","B","medium"
"Harry Potter","Which spell is used to erase someone’s memory in the movies?","Obliviate","Confundo","Memoria Wipe","Forgetus","A","medium"
"Harry Potter","What does “Alohomora” do in the movies?","Locks doors","Unlocks doors or objects","Summons keys","Reveals hidden locks","B","medium"
"Harry Potter","What spell is used to summon objects in the movies?","Wingardium Leviosa","Accio","Expecto Patronum","Stupefy","B","medium"
"Harry Potter","Which spell produces a Patronus in the movies?","Riddikulus","Expecto Patronum","Protego","Expelliarmus","B","medium"
"Harry Potter","What does the “Legilimens” spell do in the movies?","Creates shields","Allows the caster to read minds","Summons animals","Heals injuries","B","medium"
"Harry Potter","What spell did Hermione use to free Sirius Black from his chains in the movies?","Alohomora","Relashio","Diffindo","Incendio","B","medium"
"Harry Potter","What does “Sectumsempra” do in the movies?","Summons snakes","Inflicts deep, slashing wounds on the target","Creates fire","Disarms opponents","B","medium"
"Harry Potter","What type of creature is Buckbeak in the movies?","Dragon","Hippogriff","Phoenix","Basilisk","B","medium"
"Harry Potter","What are the small mischievous blue creatures in Chamber of Secrets in the movies?","Doxys","Cornish Pixies","Gnomes","Bowtruckles","B","medium"
"Harry Potter","What is Hagrid’s pet dragon’s name in the movies?","Norbert, later revealed to be Norberta","Charlie","Smokey","Flame","A","medium"
"Harry Potter","What do Thestrals look like in the movies?","Feathered horses","Skeletal black horses with leathery wings, visible only to those who’ve seen death","Invisible unicorns","Winged serpents","B","medium"
"Harry Potter","What kind of creature is Dobby in the movies?","Goblin","House-elf","Elf","Centaur","B","medium"
"Harry Potter","What does a Niffler love to find in the movies?","Food scraps","Shiny objects like gold and treasure","Magical herbs","Lost wands","B","medium"
"Harry Potter","What giant spider lives in the Forbidden Forest in the movies?","Acromantula","Aragog","Shelob","Tarantula King","B","medium"
"Harry Potter","What are the three Unforgivable Curses in the movies?","Avada Kedavra, Imperius, Cruciatus","Expelliarmus, Stupefy, Petrificus Totalus","Lumos, Nox, Alohomora","Wingardium Leviosa, Accio, Reparo","A","medium"
"Harry Potter","What spell kills instantly in the movies?","Crucio","Avada Kedavra","Imperio","Sectumsempra","B","medium"
"Harry Potter","What object did Voldemort turn into his first Horcrux in the movies?","The Ring","Tom Riddle’s Diary","The Locket","The Cup","B","medium"
"Harry Potter","What does the “Imperius” curse do in the movies?","Causes pain","Controls the victim’s actions","Kills instantly","Reads minds","B","medium"
"Harry Potter","What is the symbol of the Deathly Hallows in the movies?","A wand and stone","Elder Wand, Resurrection Stone, Invisibility Cloak in a triangle shape","Three brothers","A phoenix","B","medium"
"Harry Potter","How many Horcruxes did Voldemort create in the movies?","Six","Seven, not including Harry as an accidental eighth","Five","Eight","B","medium"
"Harry Potter","What does a Dementor feed on in the movies?","Fear","Happiness and souls","Magic","Blood","B","medium"
"Harry Potter","Who was the Dark Lord before Voldemort in the movies?","Salazar Slytherin","Gellert Grindelwald","Herpo the Foul","Morgan le Fay","B","medium"
"Harry Potter","Who founded the Hogwarts houses in the movies?","Dumbledore and McGonagall","Godric Gryffindor, Salazar Slytherin, Helga Hufflepuff, Rowena Ravenclaw","The Marauders","The Peverells","B","medium"
"Harry Potter","What subject does Professor Flitwick teach in the movies?","Potions","Charms","Transfiguration","Defense Against the Dark Arts","B","medium"
"Harry Potter","What is the name of the librarian at Hogwarts in the movies?","Madam Hooch","Madam Pince","Madam Pomfrey","Madam Maxime","B","medium"
"Harry Potter","What magical artifact shows you your deepest desire in the movies?","The Pensieve","The Mirror of Erised","The Sorting Hat","The Deluminator","B","medium"
"Harry Potter","How many children do Molly and Arthur Weasley have in the movies?","Six","Seven: Bill, Charlie, Percy, Fred, George, Ron, Ginny","Eight","Five","B","medium"
"Harry Potter","In Harry Potter and the Chamber of Secrets, what ingredient is used to cure Hermione after she is petrified by the basilisk?","Mandrake root","Bezoar","Phoenix tears","Unicorn blood","A","hard"
"Harry Potter","In Harry Potter and the Philosopher’s Stone, what does Hagrid pull out of his coat to start the fire in the hut on the rock?","A lighter","A match","A wand","A dragon egg","C","hard"
"Harry Potter","In Harry Potter and the Goblet of Fire, what colour sparks does Harry send up to signal he’s found an unconscious Fleur Delacour in the maze?","Red","Blue","Green","Gold","A","hard"
"Harry Potter","In Harry Potter and the Half-Blood Prince, who is the first character to raise their wand after Dumbledore’s death to honour him?","Harry Potter","Severus Snape","Draco Malfoy","Ron Weasley","A","hard"
"Harry Potter","In Harry Potter and the Order of the Phoenix, which magical creature does Luna Lovegood mention that Harry and his friends don’t believe exists?","Nargles","Wrackspurts","Crumple-Horned Snorkack","Thestrals","C","hard"
"Harry Potter","In Harry Potter and the Deathly Hallows – Part 2, what spell does Professor McGonagall use to bring the Hogwarts statues to life?","Piertotum Locomotor","Mobilicorpus","Expecto Patronum","Finite Incantatem","A","hard"
"Harry Potter","True or False: In Harry Potter and the Goblet of Fire, the audience can hear the mermaids sing during the second task.","True","False","Only in the extended edition","Only during the credits","B","hard"
"Harry Potter","In Harry Potter and the Order of the Phoenix, what color is Tonks’ hair when she first appears on-screen?","Pink","Blue","Brown","Purple","C","hard"
"Harry Potter","In Harry Potter and the Deathly Hallows – Part 2, who is the last person to duel Voldemort before Harry in the Battle of Hogwarts?","Neville Longbottom","Molly Weasley","Bellatrix Lestrange","Minerva McGonagall","B","hard"
"Harry Potter","Which real-life family member of Tom Felton (Draco) appeared in Harry Potter and the Half-Blood Prince?","His father","His mother","His sister","His brother","A","hard"
"Harry Potter","In Harry Potter and the Prisoner of Azkaban, what is the name of the Knight Bus conductor who greets Harry?","Stan Shunpike","Ernie Prang","Remus Lupin","Sirius Black","A","hard"
"Harry Potter","In Harry Potter and the Goblet of Fire, what does the Triwizard Cup turn out to be in the maze?","A Portkey","A Horcrux","A Time-Turner","An Invisibility Cloak","A","hard"
"Harry Potter","In Harry Potter and the Half-Blood Prince, what potion does Harry accidentally use to win Slughorn's bottle in the lesson?","Felix Felicis","Amortentia","Draught of Living Death","Veritaserum","A","hard"
"Harry Potter","In Harry Potter and the Deathly Hallows – Part 1, what is the name of the goblin who helps Harry break into Gringotts?","Griphook","Gornuk","Bogrod","Ragnok","A","hard"
"Harry Potter","In Harry Potter and the Philosopher’s Stone, what is the three-headed dog guarding?","The Philosopher's Stone","The Chamber of Secrets","The Sorting Hat","The Mirror of Erised","A","hard"
"Harry Potter","In Harry Potter and the Chamber of Secrets, what is the full name of the ghost who haunts the girls' bathroom?","Moaning Myrtle","Nearly Headless Nick","The Fat Friar","The Grey Lady","A","hard"
"Harry Potter","In Harry Potter and the Order of the Phoenix, what is the address of the Ministry of Magic's visitor entrance?","12 Grimmauld Place","4 Privet Drive","97","Platform 9¾","C","hard"
"Harry Potter","In Harry Potter and the Deathly Hallows – Part 2, what does the Elder Wand's core consist of?","Thestral hair","Dragon heartstring","Unicorn hair","Phoenix feather","A","hard"
"Harry Potter","In Harry Potter and the Prisoner of Azkaban, what spell does Hermione use to knock out Snape in the Shrieking Shack?","Stupefy","Petrificus Totalus","Expelliarmus","Impedimenta","A","hard"
"Harry Potter","In Harry Potter and the Goblet of Fire, who is the Beauxbatons headmistress?","Madame Maxime","Fleur Delacour","Olympe Maxime","Gabrielle Delacour","C","hard"
"Harry Potter","In Harry Potter and the Half-Blood Prince, what is the name of the cursed necklace that nearly kills Katie Bell?","Opal Necklace","Slytherin's Locket","Hufflepuff's Cup","Ravenclaw's Diadem","A","hard"
"Harry Potter","In Harry Potter and the Philosopher’s Stone, what is Hagrid's illegal dragon named?","Norbert","Fang","Fluffy","Buckbeak","A","hard"
"Harry Potter","In Harry Potter and the Chamber of Secrets, what vehicle does Dobby use to save Harry from the Dursleys?","A flying Ford Anglia","A broomstick","The Knight Bus","A Portkey","A","hard"
"Harry Potter","In Harry Potter and the Order of the Phoenix, what is the prophecy about Harry and Voldemort stored in?","A glass orb","A Pensieve","A book","A locket","A","hard"
"Harry Potter","In Harry Potter and the Deathly Hallows – Part 1, what disguise does Hermione use at the wedding?","A redhead","A blonde","A brunette","A bald woman","A","hard"
"Harry Potter","In Harry Potter and the Prisoner of Azkaban, what is the name of the sweet that allows the eater to become an Animagus temporarily?","Bertie Bott's Every Flavor Beans","Ton-Tongue Toffee","Chocolate Frogs","Pumpkin Pasties","B","hard"
"Harry Potter","In Harry Potter and the Goblet of Fire, what creature pulls the Durmstrang ship out of the lake?","Merpeople","Giants","Hippogriffs","Trolls","A","hard"
"Harry Potter","In Harry Potter and the Half-Blood Prince, who teaches Harry the Sectumsempra spell?","The Half-Blood Prince's book","Snape","Draco Malfoy","Dumbledore","A","hard"
"Harry Potter","In Harry Potter and the Philosopher’s Stone, what is the password to the Gryffindor common room in the first year?","Caput Draconis","Pig Snout","Baubles","Wattlebird","A","hard"
"Harry Potter","In Harry Potter and the Chamber of Secrets, what is the name of the Weasleys' home?","The Burrow","The Shack","Grimmauld Place","Malfoy Manor","A","hard"
"Harry Potter","In Harry Potter and the Order of the Phoenix, what position does Umbridge hold at Hogwarts?","High Inquisitor","Defense Against the Dark Arts professor","Transfiguration teacher","Headmistress","A","hard"
"Harry Potter","In Harry Potter and the Deathly Hallows – Part 2, what is the name of the bridge that collapses during the Battle of Hogwarts?","Hogwarts Bridge","Black Lake Bridge","Viaduct Bridge","Forbidden Forest Bridge","C","hard"
"Harry Potter","In Harry Potter and the Prisoner of Azkaban, what form does Sirius Black's Animagus take?","A dog","A rat","A stag","A cat","A","hard"
"Harry Potter","In Harry Potter and the Goblet of Fire, what is the first task of the Triwizard Tournament?","Battling a dragon","Rescuing a hostage","Navigating a maze","Brewing a potion","A","hard"
"Harry Potter","In Harry Potter and the Half-Blood Prince, what is Slughorn's first name?","Horace","Severus","Albus","Remus","A","hard"
"Harry Potter","In Harry Potter and the Philosopher’s Stone, who is the captain of the Gryffindor Quidditch team?","Oliver Wood","Angelina Johnson","Fred Weasley","Katie Bell","A","hard"
"Harry Potter","In Harry Potter and the Chamber of Secrets, what is the password to Slytherin common room when Draco is prefect?","Pure-blood","Parseltongue","Serpent","Mudblood","A","hard"
"Harry Potter","In Harry Potter and the Order of the Phoenix, what is the name of Harry's secret defense group?","Dumbledore's Army","Order of the Phoenix","Gryffindor Guardians","Potterwatch","A","hard"
"Harry Potter","In Harry Potter and the Deathly Hallows – Part 1, what radio program do the trio listen to for news?","Potterwatch","Wizarding Wireless Network","Daily Prophet Broadcast","Ministry Updates","A","hard"
"Harry Potter","In Harry Potter and the Prisoner of Azkaban, what is the name of the pub in Hogsmeade?","The Three Broomsticks","The Hog's Head","The Leaky Cauldron","The Shrieking Shack","A","hard"
"Harry Potter","In Harry Potter and the Goblet of Fire, what does Barty Crouch Jr. use to impersonate Moody?","Polyjuice Potion","Transfiguration","An Invisibility Cloak","A Confundus Charm","A","hard"
"Harry Potter","In Harry Potter and the Half-Blood Prince, what memory does Dumbledore show Harry of Tom Riddle's childhood?","The orphanage","The Gaunt family","Hogwarts arrival","The first Horcrux","A","hard"
"Harry Potter","In Harry Potter and the Philosopher’s Stone, what does Quirrell use to protect the Stone?","A troll","The Mirror of Erised","Devil's Snare","A three-headed dog","B","hard"
"Harry Potter","In Harry Potter and the Chamber of Secrets, who is the heir of Slytherin?","Tom Riddle","Draco Malfoy","Lucius Malfoy","Salazar Slytherin","A","hard"
"Harry Potter","In Harry Potter and the Order of the Phoenix, what creature attacks Arthur Weasley?","A snake","A werewolf","A vampire","A dementor","A","hard"
"Harry Potter","In Harry Potter and the Deathly Hallows – Part 2, who destroys the Horcrux in Ravenclaw's diadem?","Fiendfyre","The Elder Wand","Basilisk venom","Sectumsempra","A","hard"
"Harry Potter","In Harry Potter and the Prisoner of Azkaban, what is the name of the executioner for Buckbeak?","Walden Macnair","Cornelius Fudge","Hagrid","Draco Malfoy","A","hard"
"Harry Potter","In Harry Potter and the Goblet of Fire, what song do the Weird Sisters play at the Yule Ball?","Do the Hippogriff","Wingardium Leviosa","Accio Dance","Expecto Patronum","A","hard"
"Harry Potter","In Harry Potter and the Half-Blood Prince, what is the name of the cave where Dumbledore and Harry retrieve the locket?","The Crystal Cave","The Inferi Cave","The Horcrux Cave","The Sea Cave","C","hard"
"Harry Potter","In Harry Potter and the Philosopher’s Stone, what is the final password to the Gryffindor common room?","Lemon Drop","Sherbet Lemon","Baubles","Pig Snout","B","hard"
"Harry Potter","How many gifts did Dudley Dursley receive on his 11th birthday, which he complained was 1 less than last year? (Philosopher's Stone)","37","35","36","38","C","hard"
"Harry Potter","What is the name of the store where Harry Potter met Gilderoy Lockhart for the very first time? (Chamber of Secrets)","Ollivanders","Flourish and Blotts","Madam Malkin's","Quality Quidditch Supplies","B","hard"
"Harry Potter","In which order do the Marauders’ names appear on the Marauder’s Map? (Prisoner of Azkaban)","Padfoot, Prongs, Moony, Wormtail","Moony, Wormtail, Padfoot, Prongs","Wormtail, Moony, Prongs, Padfoot","Prongs, Padfoot, Wormtail, Moony","B","hard"
"Harry Potter","What is the name of the dragon that Cedric Diggory has to face in the Triwizard Tournament? (Goblet of Fire)","Hungarian Horntail","Chinese Fireball","Swedish Short-Snout","Common Welsh Green","C","hard"
"Harry Potter","Where is the Order of the Phoenix headquarters located? (Order of the Phoenix)","The Burrow","12 Grimmauld Place","Hogwarts","Godric's Hollow","B","hard"
"Harry Potter","Who is the student that gets cursed by the necklace in the 6th film? (Half-Blood Prince)","Lavender Brown","Katie Bell","Cho Chang","Luna Lovegood","B","hard"
"Harry Potter","What does Hermione receive from Dumbledore's will? (Deathly Hallows: Part 1)","A Deluminator","The Tales of Beedle the Bard","A sword","A pensieve","B","hard"
"Harry Potter","Who was the first character to speak in the final movie of the series? (Deathly Hallows: Part 2)","Harry Potter","Ron Weasley","Luna Lovegood","Hermione Granger","C","hard"
"Harry Potter","What is the name of the three-headed dog that guarded the Philosopher's Stone? (Philosopher's Stone)","Fang","Norbert","Fluffy","Aragog","C","hard"
"Harry Potter","Finish this quote: ""The Chamber of Secrets has been opened"", _____________ (Chamber of Secrets)","fear the heir","enemies of the heir, beware","the serpent awakens","darkness rises","B","hard"
"Harry Potter","Who directed the 3rd movie? (Prisoner of Azkaban)","Chris Columbus","Alfonso Cuarón","Mike Newell","David Yates","B","hard"
"Harry Potter","How old do you have to be to put your name in the Goblet of Fire? (Goblet of Fire)","16","18","15","17","D","hard"
"Harry Potter","What line must Harry write repeatedly while in detention? (Order of the Phoenix)","I must not lie","I must not tell lies","I will not disobey","I must behave","B","hard"
"Harry Potter","What year did the 6th movie come out in theaters? (Half-Blood Prince)","2008","2010","2009","2007","C","hard"
"Harry Potter","A Hogwarts professor is murdered by Nagini as she pleaded for Severus Snape to help her. Who was this? (Deathly Hallows: Part 1)","Sybill Trelawney","Charity Burbage","Pomona Sprout","Minerva McGonagall","B","hard"
"Harry Potter","What type of dragon is guarding Gringotts Bank? (Deathly Hallows: Part 2)","Norwegian Ridgeback","Ukrainian Ironbelly","Swedish Short-Snout","Hungarian Horntail","B","hard"
"Harry Potter","What is the number of Harry Potter's vault at Gringotts? (Philosopher's Stone)","713","687","456","999","B","hard"
"Harry Potter","What was the name of the dangerous plant that the second years learned about in Herbology? (Chamber of Secrets)","Devil's Snare","Mandrakes","Venomous Tentacula","Fluxweed","B","hard"
"Harry Potter","What was the exact time that Harry & Hermione went back in time to using the Time-Turner? (Prisoner of Azkaban)","8:00 PM","7:30 PM","6:45 PM","9:15 PM","B","hard"
"Harry Potter","What color was Harry’s bow tie at the Yule Ball? (Goblet of Fire)","Black","Red","White","Green","C","hard"
"Harry Potter","What is the name of Hagrid’s half-brother? (Order of the Phoenix)","Grawp","Norbert","Buckbeak","Firenze","A","hard"
"Harry Potter","Who is Ron’s competition for the keeper position at the Gryffindor Quidditch tryouts? (Half-Blood Prince)","Oliver Wood","Cormac McLaggen","Seamus Finnigan","Dean Thomas","B","hard"
"Harry Potter","Who replaced Rufus Scrimgeour as the new Minister for Magic? (Deathly Hallows: Part 1)","Cornelius Fudge","Pius Thicknesse","Kingsley Shacklebolt","Dolores Umbridge","B","hard"
"Harry Potter","What is the final line of the series? (Deathly Hallows: Part 2)","Always","Ready","Goodbye","Forever","B","hard"
"Harry Potter","What is the runtime of the longest Harry Potter movie? (Chamber of Secrets)","2 hours 41 minutes","2 hours 37 minutes","2 hours 33 minutes","2 hours 32 minutes","A","hard"
"Harry Potter","What is the runtime of the shortest Harry Potter movie? (Deathly Hallows: Part 2)","2 hours 19 minutes","2 hours 26 minutes","2 hours 10 minutes","2 hours 22 minutes","C","hard"
"Harry Potter","Which actor was rumored for the role of Harry Potter but did not get cast? (Philosopher's Stone)","Eddie Redmayne","Liam Aiken","Tom Felton","Jamie Campbell Bower","B","hard"
"Harry Potter","Which actor auditioned for both Harry and Ron but was cast as Draco Malfoy? (Philosopher's Stone)","Liam Aiken","Tom Felton","Hugh Grant","Ian McKellen","B","hard"
"Harry Potter","Which actor really wanted to play Hagrid but was turned down due to the British actors rule? (Philosopher's Stone)","Robin Williams","Tim Roth","Rosie O'Donnell","Helen McCrory","A","hard"
"Harry Potter","Which actress wanted to play Molly Weasley but was turned down due to the British actors rule? (Chamber of Secrets)","Naomi Watts","Rosie O'Donnell","Helena Bonham Carter","J.K. Rowling","B","hard"
"Harry Potter","Which actor was originally offered the role of Severus Snape but turned it down? (Philosopher's Stone)","Alan Rickman","Tim Roth","Ian McKellen","Hugh Grant","B","hard"
"Harry Potter","Which actor auditioned to play Tom Riddle in Chamber of Secrets? (Chamber of Secrets)","Eddie Redmayne","Jamie Campbell Bower","Tom Felton","Liam Aiken","A","hard"
"Harry Potter","Which actor auditioned to play Tom Riddle in Half-Blood Prince? (Half-Blood Prince)","Eddie Redmayne","Jamie Campbell Bower","Ian McKellen","Tim Roth","B","hard"
"Harry Potter","Which actress was originally cast as Bellatrix Lestrange but had to pass due to pregnancy? (Order of the Phoenix)","Helena Bonham Carter","Helen McCrory","Naomi Watts","J.K. Rowling","B","hard"
"Harry Potter","There were reports that which actress was going to play Narcissa Malfoy in Half-Blood Prince? (Half-Blood Prince)","Helena Bonham Carter","Helen McCrory","Naomi Watts","Rosie O'Donnell","C","hard"
"Harry Potter","After Richard Harris's passing, which actor was offered the role of Albus Dumbledore? (Chamber of Secrets)","Ian McKellen","Tim Roth","Hugh Grant","Robin Williams","A","hard"
"Harry Potter","J.K. Rowling was asked to play which role but turned it down? (Philosopher's Stone)","Molly Weasley","Lily Potter","Narcissa Malfoy","Petunia Dursley","B","hard"
"Harry Potter","Which actor turned down the role of Professor Lockhart in the second movie? (Chamber of Secrets)","Hugh Grant","Tim Roth","Ian McKellen","Eddie Redmayne","A","hard"
"Harry Potter","What distraction did Cedric Diggory use to get past the dragon in the Triwizard Tournament? (Goblet of Fire)","A rock turned into a dog","Fire from his wand","An invisibility cloak","A stunning spell","A","hard"
"Harry Potter","What was the biggest weakness of the three-headed dog Fluffy? (Philosopher's Stone)","Fire","Music","Water","Light","B","hard"
"Harry Potter","What did Petunia Dursley promise Dudley after he complained about his gifts? (Philosopher's Stone)","One more present","Two more presents","A trip to the zoo","New toys","B","hard"
"Harry Potter","Where was the book signing event where Harry met Lockhart and Lucius slipped the diary to Ginny? (Chamber of Secrets)","Diagon Alley","Flourish and Blotts","Hogsmeade","Platform 9¾","B","hard"
"Harry Potter","What skill did Cedric use to distract the Swedish Short-Snout? (Goblet of Fire)","Charms","Transfiguration","Potions","Herbology","B","hard"
"Harry Potter","What house was the Marauder's Map's headquarters originally from? (Prisoner of Azkaban)","Slytherin","Gryffindor","Ravenclaw","Hufflepuff","B","hard"
"Harry Potter","What was the purpose of the necklace that cursed Katie Bell? (Half-Blood Prince)","To curse Draco","To kill Dumbledore","To steal the Horcrux","To curse Harry","B","hard"
"Harry Potter","What did the Tales of Beedle the Bard feature regarding the Deathly Hallows? (Deathly Hallows: Part 1)","The three brothers story","A map to the Hallows","Spells to use them","Their destruction","A","hard"
"Harry Potter","What was Luna Lovegood's first line in Deathly Hallows: Part 2? (Deathly Hallows: Part 2)","We're safe now","It's beautiful here","The end is near","Follow me","B","hard"
"Harry Potter","Where was the writing ""The Chamber of Secrets has been opened"" found? (Chamber of Secrets)","On a wall at Hogwarts","In a book","On the floor","In the diary","A","hard"
"Harry Potter","What spell was put on the Goblet of Fire to enforce the age limit? (Goblet of Fire)","An Age Line","A Binding Spell","A Protection Charm","An Imperius Curse","A","hard"
"Harry Potter","What was the form of torture used on Harry during detention with Umbridge? (Order of the Phoenix)","A blood quill","Veritaserum","Cruciatus Curse","Legilimency","A","hard"
"Harry Potter","In the first movie, which four characters does Harry meet on his first visit to the Leaky Cauldron?","Tom the bartender, Cornelius Fudge, Dedalus Diggle, and Professor Quirrell","Tom the bartender, Doris Crockford, Dedalus Diggle, and Professor Quirrell","Tom the bartender, Mundungus Fletcher, Dedalus Diggle, and Professor Quirrell","Tom the bartender, Doris Crockford, Albus Dumbledore, and Professor Quirrell","B","hard"
"Harry Potter","In the first movie, after rescuing Harry from Godric’s Hollow, who did Hagrid borrow the flying motorbike from?","Remus Lupin","James Potter","Sirius Black","Alastor Moody","C","hard"
"Harry Potter","In the first movie, what happened when Aunt Petunia tried to cut Harry’s hair?","It turned white overnight","It regrew overnight","It became curly overnight","It fell out overnight","B","hard"
"Harry Potter","In the first movie, which Quidditch ball earns you the least number of points?","The Golden Snitch (150 points)","The Quaffle (10 points)","A Bludger (0 points)","The Remembrall (50 points)","C","hard"
"Harry Potter","In the first movie, on Privet Drive, what type of candy does Dumbledore offer to Professor McGonagall?","Bertie Bott's Every Flavor Beans","Chocolate Frog","Lemon drop","Acid Pops","C","hard"
"Harry Potter","In the first movie, during their first flying lesson, what possession of Neville’s does Harry retrieve?","His wand","A Remembrall","His broomstick","His glasses","B","hard"
"Harry Potter","In the first movie, in Ollivander’s, what happens when Harry uses the holly and phoenix feather wand for the first time?","It emits blue sparks","It shoots red and gold sparks","It glows green","It explodes in flames","B","hard"
"Harry Potter","In the first movie, what do the Dursleys send Harry for Christmas?","A single knut","A toothpick","A fifty-pence piece","Nothing at all","C","hard"
"Harry Potter","In the first movie, Snape’s first question to Harry is “What would I get if I added powdered root of asphodel to an infusion of wormwood?” What is the answer?","The Elixir to Induce Euphoria","The Draught of Living Death","Veritaserum","Felix Felicis","B","hard"
"Harry Potter","In the first movie, how many Gryffindor students earned additional points at the end-of-year feast?","Three—Hermione, Harry, and Ron","Four—Hermione, Harry, Ron, and Neville","Five—Hermione, Harry, Ron, Neville, and Hagrid","Two—Harry and Ron","B","hard"
"Harry Potter","In the first movie, what is the result of drinking unicorn blood?","It grants eternal youth","The drinker will be saved from death but live a cursed life","It causes instant death","It enhances magical powers","B","hard"
"Harry Potter","In the first movie, in the Forbidden Forest, what does Bane repeatedly observe about the sky?","""Venus is bright tonight""","""Jupiter is bright tonight""","""Mars is bright tonight""","""Saturn is bright tonight""","C","hard"
"Harry Potter","In the first movie, who catches Harry and Hermione in the Astronomy Tower after they release Norbert?","Professor Snape","Professor McGonagall","Filch","Draco Malfoy","C","hard"
"Harry Potter","In the first movie, Ollivander tells Harry that James Potter’s wand was excellent for a certain type of magic–which type?","Charms","Potions","Transfiguration","Defense Against the Dark Arts","C","hard"
"Harry Potter","In the first movie, where is Hagrid when he wins the dragon’s egg?","The Three Broomsticks","The Hog’s Head pub","Diagon Alley","Madam Malkin's","B","hard"
"Harry Potter","In the second movie, what does Dobby do that earns Harry a warning from the Ministry of Magic?","Performs a Levitation Charm","Performs a Hover Charm","Performs an Expelliarmus","Performs a Wingardium Leviosa","B","hard"
"Harry Potter","In the second movie, how is a basilisk created?","By hatching a snake egg under a rooster","By hatching a chicken egg under a toad","By transfiguring a spider","By brewing a special potion","B","hard"
"Harry Potter","In the second movie, what assignment does Gilderoy Lockhart give to his students on the first day of class?","An essay on defensive spells","A quiz about himself and his books","A practical duel","A potion recipe","B","hard"
"Harry Potter","In the second movie, who figures out that the “monster” in the Chamber of Secrets is a basilisk?","Ron Weasley","Hermione","Harry Potter","Professor Dumbledore","B","hard"
"Harry Potter","In the second movie, what is the password to the Slytherin common room?","Mudblood","Pure-blood","Serpent","Salazar","B","hard"
"Harry Potter","In the second movie, name the third and final way that Dobby tries to “convince” Harry to leave Hogwarts.","He enchants his broom","He seals the platform barrier","He jinxes a Bludger to try and knock him off his broom","He poisons his food","C","hard"
"Harry Potter","In the second movie, who tells Tom Riddle that Hogwarts will be closed if the person responsible for opening the Chamber of Secrets is not caught?","Professor Slughorn","Headmaster Dippet","Professor Dumbledore","Professor McGonagall","B","hard"
"Harry Potter","In the second movie, why does Harry have to regrow his arm bones?","He broke them in a Quidditch match","Professor Lockhart removed the bones in his arm instead of mending them","He was attacked by the basilisk","He fell from the Astronomy Tower","B","hard"
"Harry Potter","In the second movie, what causes Fawkes to fly into the Chamber of Secrets?","A summoning charm","Harry proclaims that Dumbledore is a greater wizard than Voldemort, even in the face of death","An order from Dumbledore","The basilisk's roar","B","hard"
"Harry Potter","In the second movie, what happens if you hear a baby Mandrake cry?","You are turned to stone","You are knocked unconscious","You gain enhanced hearing","You fall in love","B","hard"
"Harry Potter","In the second movie, in Flourish and Blotts, what item does Lucius Malfoy hide Tom Riddle’s diary in?","Harry's copy of Quidditch Through the Ages","Ginny’s copy of A Beginner’s Guide to Transfiguration","Ron's wand","Hermione's textbook","B","hard"
"Harry Potter","In the second movie, what ingredients does Hermione steal from Snape’s private stores for the Polyjuice Potion?","Unicorn hair and dragon scales","Boomslang skin and lacewing flies","Phoenix tears and basilisk venom","Mandrake root and gillyweed","B","hard"
"Harry Potter","In the second movie, why does Gilderoy Lockhart’s final Memory Charm backfire?","He uses Harry's wand","He uses Ron’s broken wand","He miscasts the spell","The wand rejects him","B","hard"
"Harry Potter","In the second movie, what punishments do Harry and Ron receive after flying the Ford Anglia to Hogwarts?","Detention with Filch","Ron has to polish the trophy room without magic, and Harry must help Lockhart answer fan mail","Points deduction from Gryffindor","Banned from Hogsmeade","B","hard"