Rank,Movie Title,Opening,Total_Gross,Weekend_vs_Total,Theaters,Distributor,Average,Year
1,Avengers: Endgame,357115007,858373000,41.6,4662,Walt Disney Studios Motion Pictures,76601,2019
2,Spider-Man: No Way Home,260138569,804793477,32.3,4336,Sony Pictures Releasing,59995,2021
3,Avengers: Infinity War,257698183,678815482,38,4474,Walt Disney Studios Motion Pictures,57599,2018
4,Star Wars: Episode VII - The Force Awakens,247966675,936662225,26.5,4134,Walt Disney Studios Motion Pictures,59982,2015
5,Star Wars: Episode VIII - The Last Jedi,220009584,620181382,35.5,4232,Walt Disney Studios Motion Pictures,51987,2017
6,Deadpool & Wolverine,211435291,636745858,33.2,4210,Walt Disney Studios Motion Pictures,50222,2024
7,Jurassic World,208806270,652270625,32,4274,Universal Pictures,48855,2015
8,The Avengers,207438708,623357910,33.3,4349,Walt Disney Studios Motion Pictures,47698,2012
9,Black Panther,202003951,700059566,28.9,4020,Walt Disney Studios Motion Pictures,50249,2018
10,The Lion King,191770759,543638043,35.3,4725,Walt Disney Studios Motion Pictures,40586,2019
11,Avengers: Age of Ultron,191271109,459005868,41.7,4276,Walt Disney Studios Motion Pictures,44731,2015
12,Doctor Strange in the Multiverse of Madness,187420998,411331607,45.6,4534,Walt Disney Studios Motion Pictures,41336,2022
13,Incredibles 2,182687905,608581744,30,4410,Walt Disney Studios Motion Pictures,41425,2018
14,Black Panther: Wakanda Forever,181339761,453829060,40,4396,Walt Disney Studios Motion Pictures,41251,2022
15,Captain America: Civil War,179139142,408084349,43.9,4226,Walt Disney Studios Motion Pictures,42389,2016
16,Star Wars: Episode IX - The Rise of Skywalker,177383864,515202542,34.4,4406,Walt Disney Studios Motion Pictures,40259,2019
17,Beauty and the Beast,174750616,504014165,34.7,4210,Walt Disney Studios Motion Pictures,41508,2017
18,Iron Man 3,174144585,409013994,42.6,4253,Walt Disney Studios Motion Pictures,40946,2013
19,Harry Potter and the Deathly Hallows: Part 2,169189427,381011219,44.4,4375,Warner Bros.,38671,2011
20,Batman v Superman: Dawn of Justice,166007347,330360194,50.2,4242,Warner Bros.,39134,2016
21,A Minecraft Movie,162753003,423949195,38.4,4263,Warner Bros.,38178,2025
22,Barbie,162022044,636238421,25.5,4243,Warner Bros.,38185,2023
23,The Dark Knight Rises,160887295,448139099,35.9,4404,Warner Bros.,36532,2012
24,The Dark Knight,158411483,533345358,29.7,4366,Warner Bros.,36282,2008
25,The Hunger Games: Catching Fire,158074286,424668047,37.2,4163,Lionsgate,37971,2013
26,Rogue One: A Star Wars Story,155081681,532177324,29.1,4157,Walt Disney Studios Motion Pictures,37306,2016
27,Inside Out 2,154201673,652980194,23.6,4440,Walt Disney Studios Motion Pictures,34730,2024
28,Captain Marvel,153433423,426829839,36,4310,Walt Disney Studios Motion Pictures,35599,2019
29,The Hunger Games,152535747,408010692,37.4,4137,Lionsgate,36871,2012
30,Spider-Man 3,151116516,336530303,44.9,4252,Sony Pictures Releasing,35540,2007
31,Jurassic World: Fallen Kingdom,148024610,417719760,35.4,4475,Universal Pictures,33078,2018
32,Furious 7,147187040,353007020,41.7,4004,Universal Pictures,36760,2015
33,Guardians of the Galaxy Vol. 2,146510104,389813101,37.6,4347,Walt Disney Studios Motion Pictures,33703,2017
34,The Super Mario Bros. Movie,146361865,574934330,25.5,4343,Universal Pictures,33700,2023
35,Lilo & Stitch,146016175,423778855,34.5,4410,Walt Disney Studios Motion Pictures,33110,2025
36,Jurassic World: Dominion,145075625,376851080,38.5,4676,Universal Pictures,31025,2022
37,Thor: Love and Thunder,144165107,343256830,42,4375,Walt Disney Studios Motion Pictures,32952,2022
38,The Twilight Saga: New Moon,142839137,296623634,48.2,4024,Summit Entertainment,35496,2009
39,The Twilight Saga: Breaking Dawn - Part 2,141067634,292324737,48.3,4070,Lionsgate,34660,2012
40,Moana 2,139787385,460405297,30.4,4200,Walt Disney Studios Motion Pictures,33282,2024
41,The Twilight Saga: Breaking Dawn - Part 1,138122261,281287133,49.1,4061,Summit Entertainment,34011,2011
42,Pirates of the Caribbean: Dead Man's Chest,135634554,423315812,32,4133,Walt Disney Studios Motion Pictures,32817,2006
43,Finding Dory,135060273,486295561,27.8,4305,Walt Disney Studios Motion Pictures,31372,2016
44,Avatar: The Way of Water,134100226,684075767,19.6,4202,20th Century Studios,31913,2022
45,The Batman,134008624,369345583,36.3,4417,Warner Bros.,30339,2022
46,Suicide Squad,133682248,325100054,41.1,4255,Warner Bros.,31417,2016
47,Deadpool,132434639,363070709,36.5,3558,Twentieth Century Fox,37221,2016
48,Frozen II,130263358,477373578,27.3,4440,Walt Disney Studios Motion Pictures,29338,2019
49,Iron Man 2,128122480,312433331,41,4380,Paramount Pictures,29251,2010
50,Top Gun: Maverick,126707459,718732821,17.6,4735,Paramount Pictures,26759,2022
51,Deadpool 2,125507153,318491426,39.4,4349,Twentieth Century Fox,28858,2018
52,Superman,125021735,354184465,35.3,4135,Warner Bros.,30235,2025
53,Harry Potter and the Deathly Hallows: Part 1,125017372,295983305,42.2,4125,Warner Bros.,30307,2010
54,It,123403419,327481748,37.7,4103,Warner Bros.,30076,2017
55,Thor: Ragnarok,122744989,315058289,39,4080,Walt Disney Studios Motion Pictures,30084,2017
56,The Hunger Games: Mockingjay - Part 1,121897634,337135885,36.2,4151,Lionsgate,29365,2014
57,Shrek the Third,121629270,322719944,37.7,4122,DreamWorks,29507,2007
58,Toy Story 4,120908065,434038008,27.9,4575,Walt Disney Studios Motion Pictures,26427,2019
59,Spider-Man: Across the Spider-Verse,120663589,381311319,31.6,4313,Columbia Pictures,27976,2023
60,Guardians of the Galaxy Vol. 3,118414021,358995815,33,4450,Walt Disney Studios Motion Pictures,26609,2023
61,The Fantastic Four: First Steps,117644828,274286174,42.9,4125,Walt Disney Studios Motion Pictures,28519,2025
62,Spider-Man: Homecoming,117027503,334201140,35,4348,Sony Pictures Releasing,26915,2017
63,Man of Steel,116619362,291045518,40.1,4207,Warner Bros.,27720,2013
64,Alice in Wonderland,116101023,334191110,34.7,3728,Walt Disney Studios Motion Pictures,31142,2010
65,Minions,115718405,336045770,34.4,4301,Universal Pictures,26905,2015
66,Spider-Man,114844116,403706375,28.4,3615,Sony Pictures Releasing,31768,2002
67,Pirates of the Caribbean: At World's End,114732820,309420425,37.1,4362,Walt Disney Studios Motion Pictures,26302,2007
68,Wicked,112508890,473231120,23.8,3888,Universal Pictures,28937,2024
69,Beetlejuice Beetlejuice,111003345,294100435,37.7,4575,Warner Bros.,24263,2024
70,Toy Story 3,110307189,415004880,26.6,4028,Walt Disney Studios Motion Pictures,27385,2010
71,Transformers: Revenge of the Fallen,108966307,402111870,27.1,4234,DreamWorks,25736,2009
72,Star Wars: Episode III - Revenge of the Sith,108435841,380270577,28.5,3661,Twentieth Century Fox,29619,2005
73,Shrek 2,108037878,441550292,24.5,4163,DreamWorks Distribution,25951,2004
74,Minions: The Rise of Gru,107010140,370549695,28.9,4391,Universal Pictures,24370,2022
75,Ant-Man and the Wasp: Quantumania,106109650,214504909,49.5,4345,Walt Disney Studios Motion Pictures,24421,2023
76,The Secret Life of Pets,104352905,368623860,28.3,4370,Universal Pictures,23879,2016
77,The Jungle Book,103261464,364001123,28.4,4028,Walt Disney Studios Motion Pictures,25635,2016
78,Wonder Woman,103251471,412563408,25,4165,Warner Bros.,24790,2017
79,X-Men: The Last Stand,102750665,234362462,43.8,3690,Twentieth Century Fox,27845,2006
80,Harry Potter and the Goblet of Fire,102685961,290013036,35.4,3858,Warner Bros.,26616,2005
81,The Hunger Games: Mockingjay - Part 2,102665981,281723902,36.4,4175,Lionsgate,24590,2015
82,Indiana Jones and the Kingdom of the Crystal Skull,100137835,317101119,31.6,4260,Paramount Pictures,23506,2008
83,Transformers: Age of Extinction,100038390,245439076,40.8,4233,Paramount Pictures,23632,2014
84,The Fate of the Furious,98786705,226008385,43.7,4310,Universal Pictures,22920,2017
85,Iron Man,98618668,318604126,31,4105,Paramount Pictures,24024,2008
86,Transformers: Dark of the Moon,97852865,352390543,27.8,4088,DreamWorks,23936,2011
87,Fast & Furious 6,97375245,238679850,40.8,3658,Universal Pictures,26619,2013
88,Joker,96202337,335451311,28.7,4374,Warner Bros.,21994,2019
89,The Little Mermaid,95578040,298172056,32,4320,Walt Disney Studios Motion Pictures,22124,2023
90,Captain America: The Winter Soldier,95023721,259766572,36.6,3938,Walt Disney Studios Motion Pictures,24129,2014
91,Guardians of the Galaxy,94320883,333176600,28.3,4080,Walt Disney Studios Motion Pictures,23117,2014
92,Justice League,93842239,229024295,41,4051,Warner Bros.,23165,2017
93,Harry Potter and the Prisoner of Azkaban,93687367,249541069,37.5,3855,Warner Bros.,24302,2004
94,Taylor Swift: The Eras Tour,93224755,180756269,51.6,3855,AMC Theatres,24182,2023
95,Godzilla,93188384,200676069,46.4,3952,Warner Bros.,23580,2014
96,Spider-Man: Far from Home,92579212,390532085,23.7,4634,Sony Pictures Releasing,19978,2019
97,Jurassic World: Rebirth,92016065,339640400,27.1,4308,Universal Pictures,21359,2025
98,The Matrix Reloaded,91774413,281576461,32.6,3603,Warner Bros.,25471,2003
99,The Amazing Spider-Man 2,91608337,202853933,45.2,4324,Sony Pictures Releasing,21186,2014
100,Aladdin,91500929,355559216,25.7,4476,Walt Disney Studios Motion Pictures,20442,2019
101,It: Chapter Two,91062152,211593228,43,4570,Warner Bros.,19926,2019
102,X-Men: Days of Future Past,90823660,233921534,38.8,3996,Twentieth Century Fox,22728,2014
103,Inside Out,90440272,356461711,25.4,3946,Walt Disney Studios Motion Pictures,22919,2015
104,Harry Potter and the Sorcerer's Stone,90294621,317575550,28.4,3672,Warner Bros.,24590,2001
105,Pirates of the Caribbean: On Stranger Tides,90151958,241071802,37.4,4155,Walt Disney Studios Motion Pictures,21697,2011
106,Venom: Let There Be Carnage,90033210,213550366,42.2,4225,Sony Pictures Releasing,21309,2021
107,Captain America: Brave New World,88842603,200500001,44.3,4105,Walt Disney Studios Motion Pictures,21642,2025
108,Logan,88411916,226277068,39.1,4071,Twentieth Century Fox,21717,2017
109,Skyfall,88364714,304360277,29,3505,Sony Pictures Releasing,25211,2012
110,Harry Potter and the Chamber of Secrets,88357488,261988482,33.7,3682,Warner Bros.,23997,2002
111,Spider-Man 2,88156227,373585825,23.6,4152,Sony Pictures Releasing,21232,2004
112,Fast Five,86198765,209837675,41.1,3644,Universal Pictures,23654,2011
113,The Hangover Part II,85946294,254464305,33.8,3615,Warner Bros.,23774,2011
114,Thor: The Dark World,85737841,206362140,41.6,3841,Walt Disney Studios Motion Pictures,22321,2013
115,X2: X-Men United,85558731,214949694,39.8,3741,Twentieth Century Fox,22870,2003
116,Fifty Shades of Grey,85171450,166167230,51.3,3646,Universal Pictures,23360,2015
117,Doctor Strange,85058311,232641920,36.6,3882,Walt Disney Studios Motion Pictures,21910,2016
118,X-Men Origins: Wolverine,85058003,179883157,47.3,4099,Twentieth Century Fox,20750,2009
119,How to Train Your Dragon,84633315,262958100,32.2,4356,Universal Pictures International (UPI),19429,2025
120,The Hobbit: An Unexpected Journey,84617303,303003568,27.9,4045,Warner Bros.,20918,2012
121,Solo: A Star Wars Story,84420489,213767512,39.5,4381,Walt Disney Studios Motion Pictures,19269,2018
122,The Conjuring: Last Rites,84006121,175912357,47.8,3802,Warner Bros.,22095,2025
123,The Passion of the Christ,83848082,370274604,22.6,3043,Newmarket Films,27554,2004
124,Despicable Me 2,83517315,368065385,22.7,3997,Universal Pictures,20895,2013
125,Dune: Part Two,82505391,282144358,29.2,4071,Warner Bros.,20266,2024
126,Oppenheimer,82455420,330078895,25,3610,Universal Pictures,22840,2023
127,Monsters University,82429469,268492764,30.7,4004,Walt Disney Studios Motion Pictures,20586,2013
128,Twisters,81251415,267762265,30.3,4151,Universal Pictures,19573,2024
129,Black Widow,80366312,183651655,43.8,4160,Walt Disney Studios Motion Pictures,19318,2021
130,Venom,80255756,213515506,37.6,4250,Sony Pictures Releasing,18883,2018
131,Star Wars: Episode II - Attack of the Clones,80027814,302191252,26.5,3161,Twentieth Century Fox,25317,2002
132,Godzilla x Kong: The New Empire,80006561,196350016,40.8,3861,Warner Bros.,20721,2024
133,Five Nights at Freddy's,80001720,137275620,58.3,3675,Universal Pictures,21769,2023
134,Oz the Great and Powerful,79110453,234911825,33.7,3912,Walt Disney Studios Motion Pictures,20222,2013
135,Harry Potter and the Half-Blood Prince,77835727,301959197,25.8,4325,Warner Bros.,17996,2009
136,I Am Legend,77211321,256393010,30.1,3606,Warner Bros.,21411,2007
137,Harry Potter and the Order of the Phoenix,77108414,292004738,26.4,4285,Warner Bros.,17994,2007
138,The Da Vinci Code,77073388,217536138,35.4,3735,Sony Pictures Releasing,20635,2006
139,Avatar,77025481,749766139,10.3,3452,Twentieth Century Fox,22313,2009
140,Halloween,76221545,159342015,47.8,3928,Universal Pictures,19404,2018
141,Ant-Man and the Wasp,75812205,216648740,35,4206,Walt Disney Studios Motion Pictures,18024,2018
142,Shang-Chi and the Legend of the Ten Rings,75388688,224543292,33.6,4300,Walt Disney Studios Motion Pictures,17532,2021
143,Star Trek,75204289,257730019,29.2,3849,Paramount Pictures,19538,2009
144,Zootopia,75063401,341268248,22,3827,Walt Disney Studios Motion Pictures,19614,2016
145,Despicable Me 4,75009210,361004205,20.8,4428,Universal Pictures,16939,2024
146,Fantastic Beasts and Where to Find Them,74403387,234037575,31.8,4144,Warner Bros.,17954,2016
147,Thunderbolts*,74300608,190274328,39,4330,Walt Disney Studios Motion Pictures,17159,2025
148,The Simpsons Movie,74036787,183135014,40.4,3922,Twentieth Century Fox,18877,2007
149,John Wick: Chapter 4,73817950,187131806,39.4,3855,Lionsgate,19148,2023
150,The Hobbit: The Desolation of Smaug,73645197,258366855,28.5,3903,Warner Bros.,18868,2013
151,Austin Powers in Goldmember,73071188,213307889,34.3,3613,New Line Cinema,20224,2002
152,The Lord of the Rings: The Return of the King,72629713,377027325,19.3,3703,New Line Cinema,19613,2003
153,Dawn of the Planet of the Apes,72611427,208545589,34.8,3967,Twentieth Century Fox,18303,2014
154,Despicable Me 3,72434025,264624300,27.4,4529,Universal Pictures,15993,2017
155,The Lost World: Jurassic Park,72132785,229086679,31.5,3281,Universal Pictures,21985,1997
156,Sonic the Hedgehog 2,72105176,190872904,37.8,4234,Paramount Pictures,17030,2022
157,Eternals,71297219,164870234,43.2,4090,Walt Disney Studios Motion Pictures,17432,2021
158,Us,71117625,175084580,40.6,3741,Universal Pictures,19010,2019
159,Fast & Furious,70950500,155064265,45.8,3461,Universal Pictures,20500,2009
160,300,70885301,210614939,33.7,3103,Warner Bros.,22844,2007
161,Shrek Forever After,70838207,238736787,29.7,4359,DreamWorks,16251,2010
162,Demon Slayer: Kimetsu no Yaiba- The Movie - Infinity Castle,70611098,131626674,53.6,3315,Sony Pictures Releasing,21300,2025
163,Transformers,70502384,319246193,22.1,4011,DreamWorks,17577,2007
164,The Incredibles,70467623,261441092,27,3933,Walt Disney Studios Motion Pictures,17917,2004
165,Spectre,70403148,200074609,35.2,3929,Sony Pictures Releasing,17918,2015
166,Finding Nemo,70251710,339714978,20.7,3374,Walt Disney Studios Motion Pictures,20821,2003
167,The Lorax,70217070,214151550,32.8,3729,Universal Pictures,18830,2012
168,Star Trek Into Darkness,70165559,228778661,30.7,3868,Paramount Pictures,18140,2013
169,F9: The Fast Saga,70043165,173005945,40.5,4179,Universal Pictures,16760,2021
170,Twilight,69637740,192769854,36.1,3419,Summit Entertainment,20367,2008
171,Maleficent,69431298,241410378,28.8,3948,Walt Disney Studios Motion Pictures,17586,2014
172,The Bourne Ultimatum,69283690,227471070,30.5,3660,Universal Pictures,18929,2007
173,Pitch Perfect 2,69216890,184296230,37.6,3473,Universal Pictures,19930,2015
174,The Lego Movie,69050279,257760692,26.8,3775,Warner Bros.,18291,2014
175,The Day After Tomorrow,68743584,186740799,36.8,3425,Twentieth Century Fox,20071,2004
176,Planet of the Apes,68532960,180011740,38.1,3500,Twentieth Century Fox,19580,2001
177,The Mummy Returns,68139035,202019785,33.7,3401,Universal Pictures,20035,2001
178,Up,68108790,293004164,23.2,3766,Walt Disney Studios Motion Pictures,18085,2009
179,Ice Age 2: The Meltdown,68033544,195330621,34.8,3964,Twentieth Century Fox,17162,2006
180,Bruce Almighty,67953330,242829261,28,3483,Universal Pictures,19510,2003
181,Cinderella,67877361,201151353,33.7,3845,Walt Disney Studios Motion Pictures,17653,2015
182,Aquaman,67873522,335061807,20.3,4125,Warner Bros.,16454,2018
183,The Grinch,67572855,271740675,24.9,4141,Universal Pictures,16318,2018
184,Quantum of Solace,67528882,168368427,40.1,3451,Sony Pictures Releasing,19567,2008
185,Rush Hour 2,67408222,226164286,29.8,3118,New Line Cinema,21619,2001
186,Fast X,67017410,146126015,45.9,4046,Universal Pictures,16563,2023
187,Black Adam,67004323,168152111,39.8,4402,Warner Bros.,15221,2022
188,World War Z,66411834,202359711,32.8,3607,Paramount Pictures,18411,2013
189,Brave,66323594,237283207,28,4164,Walt Disney Studios Motion Pictures,15927,2012
190,Cars 2,66135507,191452396,34.5,4115,Walt Disney Studios Motion Pictures,16071,2011
191,X-Men: Apocalypse,65769562,155442489,42.3,4150,Twentieth Century Fox,15848,2016
192,Thor,65723338,181030624,36.3,3955,Paramount Pictures,16617,2011
193,Teenage Mutant Ninja Turtles,65575105,191204754,34.3,3845,Paramount Pictures,17054,2014
194,"The Chronicles of Narnia: The Lion, the Witch and the Wardrobe",65556312,291710957,22.5,3616,Walt Disney Studios Motion Pictures,18129,2005
195,2012,65237614,166112167,39.3,3404,Sony Pictures Releasing,19164,2009
196,Captain America: The First Avenger,65058524,176654505,36.8,3715,Paramount Pictures,17512,2011
197,War of the Worlds,64878725,234280354,27.7,3908,Paramount Pictures,16601,2005
198,The Twilight Saga: Eclipse,64832191,300531751,21.6,4468,Summit Entertainment,14510,2010
199,Star Wars: Episode I - The Phantom Menace,64820970,431088295,15,2970,Twentieth Century Fox,21825,1999
200,Mission: Impossible - The Final Reckoning,64036428,197413515,32.4,3857,Paramount Pictures International,16602,2025
201,Madagascar: Escape 2 Africa,63106589,180010950,35.1,4056,DreamWorks,15558,2008
202,WALL?E,63087526,223808164,28.2,3992,Walt Disney Studios Motion Pictures,15803,2008
203,Pirates of the Caribbean: Dead Men Tell No Tales,62983253,172558876,36.5,4276,Walt Disney Studios Motion Pictures,14729,2017
204,Inception,62785337,292576195,21.5,3792,Warner Bros.,16557,2010
205,Hancock,62603879,227946274,27.5,3965,Sony Pictures Releasing,15789,2008
206,"Monsters, Inc.",62577067,255873250,24.5,3237,Walt Disney Studios Motion Pictures,19331,2001
207,Bad Boys for Life,62504105,206305244,30.3,3775,Sony Pictures Releasing,16557,2020
208,Sherlock Holmes,62304277,209028679,29.8,3626,Warner Bros.,17182,2009
209,Fantastic Beasts: The Crimes of Grindelwald,62163104,159555901,39,4163,Warner Bros.,14932,2018
210,Hulk,62128420,132177234,47,3660,Universal Pictures,16974,2003
211,The Lord of the Rings: The Two Towers,62007528,339789881,18.2,3622,New Line Cinema,17119,2002
212,The Amazing Spider-Man,62004688,262030663,23.7,4318,Sony Pictures Releasing,14359,2012
213,Mission: Impossible - Fallout,61236534,220159104,27.8,4386,Paramount Pictures,13961,2018
214,Clash of the Titans,61235105,163214888,37.5,3777,Warner Bros.,16212,2010
215,Transformers: Rise of the Beasts,61045464,157341749,38.8,3678,Paramount Pictures,16597,2023
216,Kong: Skull Island,61025472,168052812,36.3,3846,Warner Bros.,15867,2017
217,Indiana Jones and the Dial of Destiny,60368101,174480468,34.6,4600,Walt Disney Studios Motion Pictures,13123,2023
218,Madagascar 3: Europe's Most Wanted,60316738,216391482,27.9,4258,DreamWorks,14165,2012
219,Kung Fu Panda,60239130,215727546,27.9,4114,DreamWorks,14642,2008
220,Straight Outta Compton,60200180,161197785,37.4,2757,Universal Pictures,21835,2015
221,Cars,60119509,244082982,24.6,3985,Walt Disney Studios Motion Pictures,15086,2006
222,Signs,60117080,227966634,26.4,3264,Walt Disney Studios Motion Pictures,18418,2002
223,Sonic the Hedgehog 3,60102146,236115100,25.4,3761,Paramount Pictures,15980,2024
224,Fast & Furious Presents: Hobbs & Shaw,60038950,173956935,34.5,4253,Universal Pictures,14116,2019
225,Monsters vs. Aliens,59321095,198351526,29.9,4104,DreamWorks,14454,2009
226,Star Trek Beyond,59253211,158848340,37.3,3928,Paramount Pictures,15084,2016
227,Jumanji: The Next Level,59251543,320314960,18.5,4227,Sony Pictures Releasing,14017,2019
228,Jason Bourne,59215365,162434410,36.4,4026,Universal Pictures,14708,2016
229,Pearl Harbor,59078912,198542554,29.8,3214,Walt Disney Studios Motion Pictures,18381,2001
230,Kingdom of the Planet of the Apes,58400788,171130165,34.1,4075,20th Century Studios,14331,2024
231,Creed III,58370007,156248615,37.4,4007,United Artists Releasing,14567,2023
232,Fantastic Four: Rise of the Silver Surfer,58051684,131921738,44,3959,Twentieth Century Fox,14663,2007
233,Sonic the Hedgehog,58018348,148974665,39,4167,Paramount Pictures,13923,2020
234,Hannibal,58003121,165092268,35.1,3230,Metro-Goldwyn-Mayer (MGM),17957,2001
235,Kung Fu Panda 4,57989905,193590620,30,4035,Universal Pictures,14371,2024
236,Mission: Impossible II,57845297,215409889,26.8,3653,Paramount Pictures,15835,2000
237,Ant-Man,57225526,180202163,31.8,3856,Walt Disney Studios Motion Pictures,14840,2015
238,22 Jump Street,57071445,191719337,29.8,3306,Sony Pictures Releasing,17262,2014
239,Sex and the City,57038404,152647258,37.4,3285,Warner Bros.,17363,2008
240,F1: The Movie,57001667,189527111,30.1,3661,Warner Bros.,15569,2025
241,John Wick: Chapter 3 - Parabellum,56818067,171015687,33.2,3850,Lionsgate,14757,2019
242,Moana,56631401,248757044,22.8,3875,Walt Disney Studios Motion Pictures,14614,2016
243,Bad Boys: Ride or Die,56527324,193573217,29.2,3885,Sony Pictures Releasing,14550,2024
244,Despicable Me,56397125,251639815,22.4,3476,Universal Pictures,16224,2010
245,War for the Planet of the Apes,56262929,146880162,38.3,4022,Twentieth Century Fox,13988,2017
246,Valentine's Day,56260707,110485654,50.9,3665,Warner Bros.,15350,2010
247,Ralph Breaks the Internet,56237634,201091711,28,4017,Walt Disney Studios Motion Pictures,13999,2018
248,Snow White and the Huntsman,56217700,155332381,36.2,3773,Universal Pictures,14900,2012
249,Big Hero 6,56215889,222527828,25.3,3761,Walt Disney Studios Motion Pictures,14947,2014
250,Charlie and the Chocolate Factory,56178450,206459076,27.2,3770,Warner Bros.,14901,2005
251,Fantastic Four,56061504,154696080,36.2,3602,Twentieth Century Fox,15563,2005
252,Gravity,55785112,274092705,20.4,3575,Warner Bros.,15604,2013
253,The Karate Kid,55665805,176591618,31.5,3663,Sony Pictures Releasing,15196,2010
254,Mission: Impossible - Rogue Nation,55520089,195042377,28.5,3956,Paramount Pictures,14034,2015
255,The Incredible Hulk,55414050,134806913,41.1,3505,Universal Pictures,15810,2008
256,The SpongeBob Movie: Sponge Out of Water,55365012,162994032,34,3641,Paramount Pictures,15205,2015
257,No Time to Die,55225007,160891007,34.3,4407,Metro-Goldwyn-Mayer (MGM),12531,2021
258,Watchmen,55214334,107509799,51.4,3611,Warner Bros.,15290,2009
259,X-Men: First Class,55101604,146408305,37.6,3641,Twentieth Century Fox,15133,2011
260,How the Grinch Stole Christmas,55082330,261231700,21.1,3127,Universal Pictures,17615,2000
261,The Flash,55043679,108133313,50.9,4234,Warner Bros.,13000,2023
262,The Chronicles of Narnia: Prince Caspian,55034805,141621490,38.9,3929,Walt Disney Studios Motion Pictures,14007,2008
263,Gladiator II,55034715,172438016,31.9,3573,Paramount Pictures,15402,2024
264,How to Train Your Dragon: The Hidden World,55022245,160799505,34.2,4259,Universal Pictures,12919,2019
265,Austin Powers: The Spy Who Shagged Me,54917604,206040086,26.6,3312,New Line Cinema,16581,1999
266,Rise of the Planet of the Apes,54806191,176760185,31,3648,Twentieth Century Fox,15023,2011
267,The Hobbit: The Battle of the Five Armies,54724334,255119788,21.4,3875,Warner Bros.,14122,2014
268,G.I. Joe: The Rise of Cobra,54713046,150201498,36.4,4007,Paramount Pictures,13654,2009
269,Mission: Impossible - Dead Reckoning Part One,54688347,172640980,31.7,4327,Paramount Pictures,12638,2023
270,Divergent,54607747,150947895,36.2,3936,Lionsgate,13873,2014
271,Men in Black?,54592779,179020854,30.5,4248,Sony Pictures Releasing,12851,2012
272,San Andreas,54588173,155190832,35.2,3777,Warner Bros.,14452,2015
273,X-Men,54471475,157299718,34.6,3025,Twentieth Century Fox,18007,2000
274,Ted,54415205,218815487,24.9,3239,Universal Pictures,16800,2012
275,Pok?mon: Detective Pikachu,54365242,144105346,37.7,4202,Warner Bros.,12937,2019
276,The Martian,54308575,228433663,23.8,3831,Twentieth Century Fox,14176,2015
277,Night at the Museum: Battle of the Smithsonian,54173286,177243721,30.6,4096,Twentieth Century Fox,13225,2009
278,Scooby-Doo,54155312,153294164,35.3,3447,Warner Bros.,15710,2002
279,The Nun,53807379,117450119,45.8,3876,Warner Bros.,13882,2018
280,Cars 3,53688680,152901115,35.1,4256,Walt Disney Studios Motion Pictures,12614,2017
281,Shazam!,53505326,140371656,38.1,4217,Warner Bros.,12688,2019
282,Green Lantern,53174303,116601172,45.6,3816,Warner Bros.,13934,2011
283,The Wolverine,53113752,132556852,40.1,3924,Twentieth Century Fox,13535,2013
284,The Lego Batman Movie,53003468,175750384,30.2,4088,Warner Bros.,12965,2017
285,Batman Forever,52784433,184031112,28.7,2842,Warner Bros.,18572,1995
286,Paranormal Activity 3,52568183,104028807,50.5,3321,Paramount Pictures,15829,2011
287,Superman Returns,52535096,200081192,26.3,4065,Warner Bros.,12923,2006
288,The Bourne Supremacy,52521865,176241941,29.8,3165,Universal Pictures,16594,2004
289,The Divergent Series: Insurgent,52263680,130179072,40.2,3875,Lionsgate,13487,2015
290,A Quiet Place: Day One,52202495,139051884,37.5,3707,Paramount Pictures,14082,2024
291,"I, Robot",52179887,144801023,36,3420,Twentieth Century Fox,15257,2004
292,Men in Black II,52148751,190418803,27.4,3557,Sony Pictures Releasing,14660,2002
293,Home,52107731,177397510,29.4,3708,Twentieth Century Fox,14052,2015
294,Van Helsing,51748040,120177084,43.1,3575,Universal Pictures,14474,2004
295,Final Destination: Bloodlines,51600106,138130814,37.4,3523,Warner Bros.,14646,2025
296,8 Mile,51240555,116750901,43.9,2470,Universal Pictures,20745,2002
297,Men in Black,51068455,250690539,20.4,3020,Sony Pictures Releasing,16910,1997
298,Bohemian Rhapsody,51061119,216428042,23.6,4000,Twentieth Century Fox,12765,2018
299,Prometheus,51050101,126477084,40.4,3396,Twentieth Century Fox,15032,2012
300,Venom: The Last Dance,51012404,139755882,36.5,4131,Sony Pictures Releasing,12348,2024
301,Wanted,50927085,134508551,37.9,3175,Universal Pictures,16040,2008
302,Coco,50802605,210460015,24.1,3987,Walt Disney Studios Motion Pictures,12742,2017
303,Jurassic Park III,50771645,181171875,28,3434,Universal Pictures,14784,2001
304,The Village,50746142,114197520,44.4,3730,Walt Disney Studios Motion Pictures,13604,2004
305,Lightyear,50577961,118307188,42.8,4255,Walt Disney Studios Motion Pictures,11886,2022
306,Dunkirk,50513488,188045546,26.9,3720,Warner Bros.,13578,2017
307,2 Fast 2 Furious,50472480,127154901,39.7,3408,Universal Pictures,14810,2003
308,Jackass 3D,50353641,117229692,43,3081,Paramount Pictures,16343,2010
309,Mr. & Mrs. Smith,50342878,186336279,27,3424,Twentieth Century Fox,14702,2005
310,Rush Hour 3,50237000,140125968,35.8,3778,New Line Cinema,13297,2007
311,Independence Day,50228264,306169268,16.4,2882,Twentieth Century Fox,17428,1996
312,A Quiet Place,50203562,188024361,26.7,3508,Paramount Pictures,14311,2018
313,The Boss Baby,50198902,175003033,28.7,3773,Twentieth Century Fox,13304,2017
314,King Kong,50130145,218080025,23,3568,Universal Pictures,14049,2005
315,The Great Gatsby,50085185,144840419,34.6,3535,Warner Bros.,14168,2013
316,It Ends with Us,50016652,148518266,33.7,3611,Sony Pictures Releasing,13851,2024
317,Scary Movie 3,49700000,110003217,45.2,3505,Dimension Films,14179,2003
318,Taken 2,49514769,139854287,35.4,3661,Twentieth Century Fox,13524,2012
319,How to Train Your Dragon 2,49451322,177002924,27.9,4253,Twentieth Century Fox,11627,2014
320,Halloween Kills,49404980,92002155,53.7,3705,Universal Pictures,13334,2021
321,Wreck-It Ralph,49038712,189422889,25.9,3752,Walt Disney Studios Motion Pictures,13070,2012
322,Neighbors,49033915,150157400,32.7,3279,Universal Pictures,14953,2014
323,Alvin and the Chipmunks: The Squeakquel,48875415,219614612,22.3,3700,Twentieth Century Fox,13209,2009
324,Tangled,48767052,200821936,24.3,3603,Walt Disney Studios Motion Pictures,13535,2010
325,Batman Begins,48745440,205343774,23.7,3858,Warner Bros.,12634,2005
326,The Matrix Revolutions,48475154,139313948,34.8,3502,Warner Bros.,13842,2003
327,Hotel Transylvania 2,48464322,169700110,28.6,3754,Sony Pictures Releasing,12910,2015
328,Sinners,48007468,278578513,17.2,3308,Warner Bros.,14512,2025
329,The Fault in Our Stars,48002523,124872350,38.4,3173,Twentieth Century Fox,15128,2014
330,Godzilla: King of the Monsters,47776293,110500138,43.2,4108,Warner Bros.,11630,2019
331,Mission: Impossible III,47743273,134029801,35.6,4054,Paramount Pictures,11776,2006
332,Lara Croft: Tomb Raider,47735743,131168070,36.4,3308,Paramount Pictures,14430,2001
333,Kung Fu Panda 2,47656302,165249063,28.8,3925,DreamWorks,12141,2011
334,The Longest Yard,47606480,158119460,30.1,3634,Paramount Pictures,13100,2005
335,Shark Tale,47604606,160861908,29.6,4016,DreamWorks Distribution,11853,2004
336,A Quiet Place Part II,47547231,160072261,29.7,3726,Paramount Pictures,12760,2021
337,Interstellar,47510360,188020017,25.3,3561,Paramount Pictures,13341,2014
338,Madagascar,47224594,193595521,24.4,4131,DreamWorks Distribution,11431,2005
339,The Lord of the Rings: The Fellowship of the Ring,47211490,313364114,15.1,3359,New Line Cinema,14055,2001
340,Die Another Day,47072040,160942139,29.2,3314,Metro-Goldwyn-Mayer (MGM),14203,2002
341,Talladega Nights: The Ballad of Ricky Bobby,47042215,148213377,31.7,3803,Sony Pictures Releasing,12369,2006
342,Ratatouille,47027395,206445654,22.8,3940,Walt Disney Studios Motion Pictures,11935,2007
343,Jurassic Park,47026828,357067947,13.2,2404,Universal Pictures,19561,1993
344,Troy,46865412,133378256,35.1,3411,Warner Bros.,13739,2004
345,The Secret Life of Pets 2,46652680,158980250,29.3,4561,Universal Pictures,10228,2019
346,Pirates of the Caribbean: The Curse of the Black Pearl,46630690,305413918,15.3,3269,Walt Disney Studios Motion Pictures,14264,2003
347,Ice Age: Continental Drift,46629259,161321843,28.9,3881,Twentieth Century Fox,12014,2012
348,Fifty Shades Darker,46607250,114581250,40.7,3710,Universal Pictures,12562,2017
349,Trolls,46581142,153856089,30.3,4060,Twentieth Century Fox,11473,2016
350,Bad Boys II,46522560,138608444,33.6,3186,Sony Pictures Releasing,14602,2003
351,Ice Age,46312454,176387405,26.3,3316,Twentieth Century Fox,13966,2002
352,Angels & Demons,46204168,133375846,34.6,3527,Sony Pictures Releasing,13100,2009
353,Meet the Fockers,46120980,279261160,16.5,3518,Universal Pictures,13110,2004
354,The Marvels,46110859,84500223,54.6,4030,Walt Disney Studios Motion Pictures,11441,2023
355,Ghostbusters,46018755,128350574,35.8,3963,Sony Pictures Releasing,11612,2016
356,Megamind,46016833,148415853,31,3944,DreamWorks,11667,2010
357,Dumbo,45990748,114766307,40.1,4259,Walt Disney Studios Motion Pictures,10798,2019
358,Batman Returns,45687711,162831698,28.1,2644,Warner Bros.,17279,1992
359,Mission: Impossible,45436830,180981856,25.1,3012,Paramount Pictures,15085,1996
360,Mad Max: Fury Road,45428128,153636354,29.6,3702,Warner Bros.,12271,2015
361,The Meg,45402195,145443742,31.2,4118,Warner Bros.,11025,2018
362,Ghost Rider,45388836,115802596,39.2,3619,Sony Pictures Releasing,12541,2007
363,American Pie 2,45117985,145103595,31.1,3063,Universal Pictures,14729,2001
364,300: Rise of an Empire,45038460,106580051,42.3,3470,Warner Bros.,12979,2014
365,Horton Hears a Who!,45012998,154529439,29.1,3954,Twentieth Century Fox,11384,2008
366,Ghostbusters: Frozen Empire,45004673,113376590,39.7,4345,Sony Pictures Releasing,10357,2024
367,The Hangover,44979319,277322503,16.2,3269,Warner Bros.,13759,2009
368,National Treasure: Book of Secrets,44783772,219964115,20.4,3832,Walt Disney Studios Motion Pictures,11686,2007
369,Transformers: The Last Knight,44680073,130168683,34.3,4069,Paramount Pictures,10980,2017
370,The Hunger Games: The Ballad of Songbirds & Snakes,44607143,166350594,26.8,3776,Lionsgate,11813,2023
371,xXx,44506103,142109382,31.3,3374,Revolution Studios,13190,2002
372,Scream VI,44447270,108391107,41,3675,Paramount Pictures,12094,2023
373,Nope,44366910,123277080,36,3785,Universal Pictures,11721,2022
374,Alvin and the Chipmunks,44307417,217326974,20.4,3475,Twentieth Century Fox,12750,2007
375,The Peanuts Movie,44213073,130178411,34,3897,Twentieth Century Fox,11345,2015
376,Hotel Transylvania 3: Summer Vacation,44076225,167510016,26.3,4267,Sony Pictures Releasing,10329,2018
377,Godzilla,44047541,136314294,32.3,3310,Sony Pictures Releasing,13307,1998
378,Terminator 3: Rise of the Machines,44041440,150371112,29.3,3504,Warner Bros.,12568,2003
379,Tron: Legacy,44026211,172062763,25.6,3451,Walt Disney Studios Motion Pictures,12757,2010
380,Uncharted,44010155,148648820,29.6,4275,Sony Pictures Releasing,10294,2022
381,Ghostbusters: Afterlife,44008406,129360575,34,4315,Sony Pictures Releasing,10198,2021
382,Lucy,43899340,126663600,34.7,3173,Universal Pictures,13835,2014
383,How to Train Your Dragon,43732319,217581231,20.1,4055,DreamWorks,10784,2010
384,Noah,43720472,101200044,43.2,3567,Paramount Pictures,12256,2014
385,The Croods,43639736,187168425,23.3,4046,Twentieth Century Fox,10785,2013
386,American Gangster,43565135,130164645,33.5,3054,Universal Pictures,14264,2007
387,Weapons,43501217,151495295,28.7,3202,Warner Bros.,13585,2025
388,The Mummy,43369635,155516138,27.9,3210,Universal Pictures,13510,1999
389,Hitch,43142214,179495555,24,3575,Sony Pictures Releasing,12067,2005
390,A Star Is Born,42908051,215288866,19.9,3686,Warner Bros.,11640,2018
391,Batman & Robin,42872605,107325195,40,2934,Warner Bros.,14612,1997
392,Terminator Salvation,42558390,125322469,34,3530,Warner Bros.,12056,2009
393,Hotel Transylvania,42522194,148313048,28.7,3349,Sony Pictures Releasing,12696,2012
394,Nutty Professor II: The Klumps,42518830,123309890,34.5,3242,Universal Pictures,13115,2000
395,Shrek,42347760,268200241,15.8,3587,DreamWorks Distribution,11805,2001
396,Scary Movie,42346669,157019771,27,2912,Miramax,14542,2000
397,Anger Management,42220847,135645823,31.1,3551,Revolution Studios,11889,2003
398,Snow White,42206415,87203963,48.4,4200,Walt Disney Studios Motion Pictures,10049,2025
399,Fantastic Beasts: The Secrets of Dumbledore,42151256,95850844,44,4208,Warner Bros.,10016,2022
400,High School Musical 3: Senior Year,42030184,90559416,46.4,3623,Walt Disney Studios Motion Pictures,11600,2008
401,Alien: Romulus,42003361,105313091,39.9,3885,20th Century Studios,10811,2024
402,The Conjuring,41855326,137400141,30.5,2903,Warner Bros.,14417,2013
403,Ready Player One,41764050,137690172,30.3,4234,Warner Bros.,9863,2018
404,Ice Age: Dawn of the Dinosaurs,41690382,196573705,21.2,4099,Twentieth Century Fox,10170,2009
405,The Hangover Part III,41671198,112200072,37.1,3555,Warner Bros.,11721,2013
406,Ocean's Eight,41607378,140218711,29.7,4145,Warner Bros.,10037,2018
407,Big Daddy,41536370,163479795,25.4,3027,Sony Pictures Releasing,13721,1999
408,Happy Feet,41533432,198000317,21,3804,Warner Bros.,10918,2006
409,Ride Along,41516170,134938200,30.8,2663,Universal Pictures,15590,2014
410,Grown Ups 2,41508572,133668525,31,3491,Sony Pictures Releasing,11890,2013
411,The Perfect Storm,41325042,182618434,22.6,3407,Warner Bros.,12129,2000
412,Kung Fu Panda 3,41282042,143528619,28.8,3955,Twentieth Century Fox,10437,2016
413,The Vow,41202458,125014030,33,2958,Screen Gems,13929,2012
414,Deep Impact,41152375,140464664,29.3,3156,Paramount Pictures,13039,1998
415,Once Upon a Time... in Hollywood,41082018,142502728,28.8,3659,Sony Pictures Releasing,11227,2019
416,Shutter Island,41062440,128012934,32.1,2991,Paramount Pictures,13728,2010
417,Twister,41059405,241721524,17,2414,Warner Bros.,17008,1996
418,Independence Day: Resurgence,41039944,103144286,39.8,4130,Twentieth Century Fox,9937,2016
419,Madea Goes to Jail,41030947,90508336,45.3,2032,Lionsgate,20192,2009
420,Dune: Part One,41011174,108327830,37.9,4125,Warner Bros.,9942,2021
421,Casino Royale,40833156,167445960,24.4,3434,Sony Pictures Releasing,11890,2006
422,Paranormal Activity 2,40678424,84752907,48,3216,Paramount Pictures,12648,2010
423,Friday the 13th,40570365,65002019,62.4,3105,Warner Bros.,13066,2009
424,Grown Ups,40506562,162001186,25,3534,Sony Pictures Releasing,11461,2010
425,G.I. Joe: Retaliation,40501814,122523060,33.1,3719,Paramount Pictures,10890,2013
426,Batman,40489746,251188924,16.1,2194,Warner Bros.,18454,1989
427,The Mummy: Tomb of the Dragon Emperor,40457770,102491776,39.5,3760,Universal Pictures,10760,2008
428,The Conjuring 2,40406314,102470008,39.4,3343,Warner Bros.,12086,2016
429,Glass,40328920,111048468,36.3,3841,Universal Pictures,10499,2019
430,The Last Airbender,40325019,131772187,30.6,3169,Paramount Pictures,12724,2010
431,Daredevil,40310419,102543518,39.3,3471,Twentieth Century Fox,11613,2003
432,Power Rangers,40300288,85364450,47.2,3693,Lionsgate,10912,2017
433,Insidious: Chapter 2,40272103,83586447,48.2,3049,FilmDistrict,13208,2013
434,Scary Movie 4,40222875,90710620,44.3,3602,Dimension Films,11166,2006
435,Safe House,40172720,126373434,31.8,3119,Universal Pictures,12880,2012
436,Charlie's Angels,40128550,125305545,32,3037,Sony Pictures Releasing,13213,2000
437,The Fast and the Furious,40089015,144533925,27.7,2628,Universal Pictures,15254,2001
438,Cloverfield,40058229,80048433,50,3411,Paramount Pictures,11743,2008
439,Halloween Ends,40050355,64079860,62.5,3901,Universal Pictures,10266,2022
440,Chicken Little,40049778,135386665,29.6,3654,Walt Disney Studios Motion Pictures,10960,2005
441,Click,40011365,137355633,29.1,3749,Revolution Studios,10672,2006
442,Split,40010975,138291365,28.9,3038,Universal Pictures,13170,2017
443,50 First Dates,39852237,120908074,33,3591,Sony Pictures Releasing,11097,2004
444,Wild Hogs,39699023,168273550,23.6,3287,Walt Disney Studios Motion Pictures,12077,2007
445,Sherlock Holmes: A Game of Shadows,39637079,186848418,21.2,3703,Warner Bros.,10704,2011
446,The Waterboy,39414071,161491646,24.4,2664,Walt Disney Studios Motion Pictures,14795,1998
447,Rio 2,39327869,131538435,29.9,3948,Twentieth Century Fox,9961,2014
448,Rio,39225962,143619809,27.3,3826,Twentieth Century Fox,10252,2011
449,Taken 3,39201657,89256424,43.9,3594,Twentieth Century Fox,10907,2015
450,The Break-Up,39172785,118703275,33,3070,Universal Pictures,12759,2006
451,The Good Dinosaur,39155217,123087120,31.8,3749,Walt Disney Studios Motion Pictures,10444,2015
452,Ocean's Twelve,39153380,125544280,31.2,3290,Warner Bros.,11900,2004
453,The Grudge,39128715,110359362,35.5,3245,Sony Pictures Releasing,12058,2004
454,Magic Mike,39127170,113721571,34.4,2930,Warner Bros.,13353,2012
455,Onward,39119861,61555145,63.6,4310,Walt Disney Studios Motion Pictures,9076,2020
456,The Heat,39115043,159582188,24.5,3181,Twentieth Century Fox,12296,2013
457,Kingsman: The Golden Circle,39023010,100229647,38.9,4003,Twentieth Century Fox,9748,2017
458,Morbius,39005895,73865530,52.8,4268,Columbia Pictures,9139,2022
459,Wonka,39005800,218402312,17.9,4203,Warner Bros.,9280,2023
460,Dinosaur,38854851,137748063,28.2,3257,Walt Disney Studios Motion Pictures,11929,2000
461,Daddy's Home,38740203,150357137,25.8,3271,Paramount Pictures,11843,2015
462,Get Smart,38683480,130319208,29.7,3911,Warner Bros.,9890,2008
463,Fifty Shades Freed,38560195,100407760,38.4,3768,Universal Pictures,10233,2018
464,You Don't Mess with the Zohan,38531374,100018837,38.5,3462,Sony Pictures Releasing,11129,2008
465,The Legend of Tarzan,38527856,126643061,30.4,3561,Warner Bros.,10819,2016
466,Over the Hedge,38457003,155019340,24.8,4059,DreamWorks,9474,2006
467,The Cat in the Hat,38329160,101149285,37.9,3464,Universal Pictures,11065,2003
468,Alien vs. Predator,38291056,80282231,47.7,3395,Twentieth Century Fox,11278,2004
469,The Angry Birds Movie,38155177,107509366,35.5,3932,Sony Pictures Releasing,9703,2016
470,The Bourne Legacy,38142825,113203870,33.7,3745,Universal Pictures,10185,2012
471,Ocean's Eleven,38107822,183417150,20.8,3075,Warner Bros.,12392,2001
472,Rango,38079323,123477607,30.8,3917,Paramount Pictures,9721,2011
473,Inglourious Basterds,38054676,120540719,31.6,3165,The Weinstein Company,12023,2009
474,Bee Movie,38021044,126631277,30,3928,DreamWorks,9679,2007
475,Ace Ventura: When Nature Calls,37804076,108385533,34.9,2652,Warner Bros.,14254,1995
476,Joker: Folie ? Deux,37678467,58300287,64.6,4102,Warner Bros.,9185,2024
477,Charlie's Angels: Full Throttle,37634221,100830111,37.3,3459,Sony Pictures Releasing,10880,2003
478,Hop,37543710,108085305,34.7,3579,Universal Pictures,10490,2011
479,Gone Girl,37513109,167767189,22.4,3014,Twentieth Century Fox,12446,2014
480,District 9,37354308,115646235,32.3,3049,TriStar Pictures,12251,2009
481,Pacific Rim,37285325,101802906,36.6,3275,Warner Bros.,11384,2013
482,Dungeons & Dragons: Honor Among Thieves,37205784,93549650,39.8,3855,Paramount Pictures,9651,2023
483,Mr. Deeds,37162787,126293452,29.4,3231,Sony Pictures Releasing,11501,2002
484,Annabelle,37134255,84273813,44.1,3185,Warner Bros.,11659,2014
485,Air Force One,37132505,172956409,21.5,2919,Sony Pictures Releasing,12720,1997
486,S.W.A.T.,37062535,116934650,31.7,3202,Sony Pictures Releasing,11574,2003
487,Oblivion,37054485,89107235,41.6,3783,Universal Pictures,9795,2013
488,Maleficent: Mistress of Evil,36948713,113929605,32.4,3790,Walt Disney Studios Motion Pictures,9749,2019
489,Red Dragon,36540945,93149898,39.2,3357,Universal Pictures,10885,2002
490,Cowboys & Aliens,36431290,100240551,36.3,3750,Universal Pictures,9715,2011
491,Freddy vs. Jason,36400000,82622655,44.1,3014,New Line Cinema,12076,2003
492,Interview with the Vampire,36389705,105264608,34.6,2604,Warner Bros.,13974,1994
493,Marley & Me,36357586,143153751,25.4,3480,Twentieth Century Fox,10447,2008
494,21 Jump Street,36302612,138447667,26.2,3121,Sony Pictures Releasing,11631,2012
495,Kingsman: The Secret Service,36206331,128261724,28.2,3204,Twentieth Century Fox,11300,2015
496,Jumanji: Welcome to the Jungle,36169328,404515480,8.9,3765,Sony Pictures Releasing,9606,2017
497,Alien: Covenant,36160621,74262031,48.7,3761,Twentieth Century Fox,9614,2017
498,Ocean's Thirteen,36133403,117154724,30.8,3565,Warner Bros.,10135,2007
499,Dumb and Dumber To,36111775,86208010,41.9,3154,Universal Pictures,11449,2014
500,Armageddon,36089972,201578182,17.9,3127,Walt Disney Studios Motion Pictures,11541,1998
501,The Scorpion King,36075875,91047077,39.6,3444,Universal Pictures,10474,2002
502,Robin Hood,36063385,105269730,34.3,3503,Universal Pictures,10295,2010
503,Robots,36045301,128200012,28.1,3776,Twentieth Century Fox,9545,2005
504,The Equalizer 2,36011640,102084362,35.3,3388,Sony Pictures Releasing,10629,2018
505,Salt,36011243,118311368,30.4,3612,Sony Pictures Releasing,9969,2010
506,Dog Man,36001940,97970355,36.8,3885,Universal Pictures,9266,2025
507,Star Wars: Episode IV - A New Hope,35906661,138257865,26,2104,Twentieth Century Fox,17065,1997
508,"10,000 BC",35867488,94784201,37.8,3410,Warner Bros.,10518,2008
509,The Wild Robot,35790150,143901945,24.9,3962,Universal Pictures,9033,2024
510,Rampage,35753093,101028233,35.4,4101,Warner Bros.,8718,2018
511,Minority Report,35677125,132072926,27,3001,Twentieth Century Fox,11888,2002
512,Sweet Home Alabama,35648740,127223418,28,3293,Walt Disney Studios Motion Pictures,10825,2002
513,The Smurfs,35611637,142614158,25,3395,Sony Pictures Releasing,10489,2011
514,Creed II,35574710,115715889,30.7,3441,Metro-Goldwyn-Mayer (MGM),10338,2018
515,Battle Los Angeles,35573187,83552429,42.6,3417,Sony Pictures Releasing,10410,2011
516,The Other Guys,35543162,119219978,29.8,3651,Sony Pictures Releasing,9735,2010
517,Central Intelligence,35535250,127440871,27.9,3508,Warner Bros.,10129,2016
518,The World Is Not Enough,35519007,126943684,28,3163,Metro-Goldwyn-Mayer (MGM),11229,1999
519,Super 8,35451168,127004179,27.9,3379,Paramount Pictures,10491,2011
520,Mufasa: The Lion King,35409365,254567693,13.9,4100,Walt Disney Studios Motion Pictures,8636,2024
521,Spider-Man: Into the Spider-Verse,35363376,190241310,18.6,3813,Sony Pictures Releasing,9274,2018
522,Teenage Mutant Ninja Turtles: Out of the Shadows,35316382,82051601,43,4071,Paramount Pictures,8675,2016
523,Lilo & Stitch,35260212,145794338,24.2,3191,Walt Disney Studios Motion Pictures,11049,2002
524,Sing,35258145,270395425,13,4022,Universal Pictures,8766,2016
525,Ride Along 2,35243095,91221830,38.6,3175,Universal Pictures,11100,2016
526,National Treasure,35142554,173008894,20.3,3017,Walt Disney Studios Motion Pictures,11648,2004
527,The Ring Two,35065237,76231249,46,3332,DreamWorks Distribution,10523,2005
528,Runaway Bride,35055556,152257509,23,3158,Paramount Pictures,11100,1999
529,Sully,35028301,125070033,28,3525,Warner Bros.,9937,2016
530,Jungle Cruise,35018731,116987516,29.9,4310,Walt Disney Studios Motion Pictures,8124,2021
531,Annabelle: Creation,35006404,102092201,34.3,3502,Warner Bros.,9996,2017
532,Mamma Mia! Here We Go Again,34952180,120634935,29,3317,Universal Pictures,10537,2018
533,The Expendables,34825135,103068524,33.8,3270,Lionsgate,10649,2010
534,Gladiator,34819017,187705427,18.6,2938,DreamWorks Distribution,11851,2000
535,Scream 3,34713342,89143175,38.9,3467,Dimension Films,10012,2000
536,The Magnificent Seven,34703397,93432655,37.1,3674,Sony Pictures Releasing,9445,2016
537,The Equalizer 3,34604229,92373751,37.5,3965,Columbia Pictures,8727,2023
538,Identity Thief,34551025,134506920,25.7,3141,Universal Pictures,11000,2013
539,Hellboy II: The Golden Army,34539115,75986503,45.4,3204,Universal Pictures,10779,2008
540,Enchanted,34440317,127807262,27,3730,Walt Disney Studios Motion Pictures,9233,2007
541,Couples Retreat,34286740,109204945,31.4,3000,Universal Pictures,11428,2009
542,Sausage Party,34263534,97685686,35.1,3103,Sony Pictures Releasing,11042,2016
543,I Now Pronounce You Chuck & Larry,34233750,120059556,28.5,3495,Universal Pictures,9795,2007
544,Tarzan,34221968,171091819,20,3005,Walt Disney Studios Motion Pictures,11388,1999
545,Ransom,34216088,136492681,25.1,2676,Walt Disney Studios Motion Pictures,12786,1996
546,Norbit,34195434,95673607,35.7,3136,DreamWorks,10904,2007
547,The Equalizer,34137828,101530738,33.6,3236,Sony Pictures Releasing,10549,2014
548,The Blind Side,34119372,255959475,13.3,3110,Warner Bros.,10970,2009
549,The Lego Movie 2: The Second Part,34115335,105806508,32.2,4303,Warner Bros.,7928,2019
550,Puss in Boots,34077439,149260504,22.8,3952,DreamWorks,8622,2011
551,Taylor Swift: The Official Release Party of a Showgirl,34062774,34062774,100,3702,AMC Theatres,9201,2025
552,The Purge,34058360,64473115,52.8,2536,Universal Pictures,13429,2013
553,Lethal Weapon 4,34048124,130444603,26.1,3117,Warner Bros.,10923,1998
554,Cloudy with a Chance of Meatballs 2,34017930,119793567,28.4,4001,Sony Pictures Releasing,8502,2013
555,Get Hard,33803253,90411453,37.4,3175,Warner Bros.,10646,2015
556,The Devil Inside,33732515,53261944,63.3,2285,Paramount Pictures,14762,2012
557,IF,33715801,111375918,30.3,4041,Paramount Pictures,8343,2024
558,Think Like a Man,33636303,91547205,36.7,2015,Screen Gems,16692,2012
559,The Proposal,33627598,163958031,20.5,3056,Walt Disney Studios Motion Pictures,11003,2009
560,What Women Want,33614543,182811707,18.4,3012,Paramount Pictures,11160,2000
561,Saw III,33610391,80238724,41.9,3167,Lionsgate,10612,2006
562,Epic,33531068,107518682,31.2,3882,Twentieth Century Fox,8637,2013
563,The Green Hornet,33526876,98780042,33.9,3584,Sony Pictures Releasing,9354,2011
564,Ted 2,33507870,81476385,41.1,3442,Universal Pictures,9735,2015
565,101 Dalmatians,33504025,136189294,24.6,2794,Walt Disney Studios Motion Pictures,11991,1996
566,Wrath of the Titans,33457188,83670083,40,3545,Warner Bros.,9437,2012
567,The Haunting,33435140,91411151,36.6,2808,DreamWorks Distribution,11907,1999
568,Get Out,33377060,176040665,19,2781,Universal Pictures,12001,2017
569,Live Free or Die Hard,33369559,134529403,24.8,3408,Twentieth Century Fox,9791,2007
570,American Wedding,33369440,104565114,31.9,3172,Universal Pictures,10520,2003
571,Lethal Weapon 3,33243086,144731527,23,2510,Warner Bros.,13244,1992
572,Tron: Ares,33241433,57762923,57.6,4000,Walt Disney Studios Motion Pictures,8310,2025
573,Hustlers,33181361,104963598,31.6,3250,STX Entertainment,10209,2019
574,A Wrinkle in Time,33123609,100478608,33,3980,Walt Disney Studios Motion Pictures,8322,2018
575,Superbad,33052411,121463226,27.2,2948,Sony Pictures Releasing,11211,2007
576,Tomorrowland,33028165,93436322,35.4,3972,Walt Disney Studios Motion Pictures,8315,2015
577,Blades of Glory,33014202,118594548,27.8,3372,DreamWorks,9790,2007
578,Insidious: The Red Door,33013036,82156962,40.2,3188,Screen Gems,10355,2023
579,Birds of Prey and the Fantabulous Emancipation of One Harley Quinn,33010017,84158461,39.2,4236,Warner Bros.,7792,2020
580,Rush Hour,33001803,141186864,23.4,2638,New Line Cinema,12510,1998
581,Scream 2,32926342,101363301,32.5,2663,Dimension Films,12364,1997
582,A Nightmare on Elm Street,32902299,63075011,52.2,3332,Warner Bros.,9874,2010
583,X-Men: Dark Phoenix,32828348,65845974,49.9,3721,Twentieth Century Fox,8822,2019
584,The Book of Eli,32789494,94835059,34.6,3111,Warner Bros.,10539,2010
585,Blade Runner 2049,32753122,92054159,35.6,4058,Warner Bros.,8071,2017
586,Where the Wild Things Are,32695407,77233467,42.3,3735,Warner Bros.,8753,2009
587,Due Date,32689406,100539043,32.5,3355,Warner Bros.,9743,2010
588,The Nun II,32603336,86267073,37.8,3728,Warner Bros.,8745,2023
589,Blade II,32528016,82348319,39.5,2707,New Line Cinema,12016,2002
590,The Maze Runner,32512804,102427862,31.7,3604,Twentieth Century Fox,9021,2014
591,Spy Kids 3: Game Over,32500000,111761982,29.1,3344,Dimension Films,9718,2003
592,Hannah Montana: The Movie,32324487,79576189,40.6,3118,Walt Disney Studios Motion Pictures,10367,2009
593,Mr. Peabody & Sherman,32207057,111506430,28.9,3934,Twentieth Century Fox,8186,2014
594,Immortals,32206425,83504017,38.6,3112,Relativity Media,10349,2011
595,Wedding Crashers,32200000,209255921,15.4,2925,New Line Cinema,11008,2005
596,Red One,32106112,97000759,33.1,4032,Amazon MGM Studios,7962,2024
597,Elf,32100000,173398518,18.5,3337,New Line Cinema,9619,2003
598,Jackass Presents: Bad Grandpa,32055177,102003019,31.4,3336,Paramount Pictures,9608,2013
599,The SpongeBob SquarePants Movie,32018216,85417988,37.5,3212,Paramount Pictures,9968,2004
600,Paul Blart: Mall Cop,31832636,146336178,21.8,3144,Sony Pictures Releasing,10124,2009
601,Terminator 2: Judgment Day,31765506,204843345,15.5,2274,TriStar Pictures,13969,1991
602,Saw IV,31756764,63300095,50.2,3183,Lionsgate,9976,2007
603,Saw II,31725652,87039965,36.4,2949,Lionsgate,10758,2005
604,G-Force,31706934,119436770,26.6,3697,Walt Disney Studios Motion Pictures,8576,2009
605,The Mummy,31688375,80227895,39.5,4035,Universal Pictures,7853,2017
606,Godzilla vs. Kong,31625971,100916094,31.3,3064,Warner Bros.,10321,2021
607,Bad Teacher,31603106,100292856,31.5,3049,Sony Pictures Releasing,10365,2011
608,The Truman Show,31542121,125618201,25.1,2315,Paramount Pictures,13625,1998
609,The Purge: Election Year,31515110,79213375,39.8,2796,Universal Pictures,11271,2016
610,The Wolfman,31479235,61979680,50.8,3222,Universal Pictures,9770,2010
611,Ford v Ferrari,31474958,117624357,26.8,3528,Twentieth Century Fox,8921,2019
612,Liar Liar,31423025,181410615,17.3,2845,Universal Pictures,11045,1997
613,Percy Jackson & the Olympians: The Lightning Thief,31236067,88768303,35.2,3356,Twentieth Century Fox,9307,2010
614,Elvis,31211579,151040048,20.7,3906,Warner Bros.,7990,2022
615,Girls Trip,31201920,115171585,27.1,2591,Universal Pictures,12042,2017
616,Evan Almighty,31192615,100462298,31,3604,Universal Pictures,8654,2007
617,The Sum of All Fears,31178526,118907036,26.2,3183,Paramount Pictures,9795,2002
618,Home Alone 2: Lost in New York,31126882,173585516,17.9,2222,Twentieth Century Fox,14008,1992
619,Hannah Montana and Miley Cyrus: Best of Both Worlds Concert,31117834,65281781,47.7,683,Walt Disney Studios Motion Pictures,45560,2008
620,Bringing Down the House,31101026,132716677,23.4,2801,Walt Disney Studios Motion Pictures,11103,2003
621,Four Christmases,31069826,120146040,25.9,3310,Warner Bros.,9386,2008
622,Space Jam: A New Legacy,31053362,70592228,44,3965,Warner Bros.,7831,2021
623,Into the Woods,31051923,128002372,24.3,2440,Walt Disney Studios Motion Pictures,12726,2014
624,Pok?mon: The First Movie - Mewtwo Strikes Back,31036678,85744662,36.2,3043,Warner Bros.,10199,1999
625,Downton Abbey,31033665,96853865,32,3079,Focus Features,10079,2019
626,Sex and the City 2,31001870,95347692,32.5,3445,Warner Bros.,8999,2010
627,Step Brothers,30940732,100468793,30.8,3094,Sony Pictures Releasing,10000,2008
628,Little Fockers,30833665,148438600,20.8,3536,Universal Pictures,8719,2010
629,Star Trek: First Contact,30716131,92027888,33.4,2812,Paramount Pictures,10923,1996
630,Knocked Up,30690990,148768917,20.6,2871,Universal Pictures,10690,2007
631,The Dukes of Hazzard,30675314,80270227,38.2,3785,Warner Bros.,8104,2005
632,Unbroken,30621445,115637895,26.5,3131,Universal Pictures,9780,2014
633,Br?no,30619130,60054530,51,2756,Universal Pictures,11109,2009
634,Saving Private Ryan,30576104,216540909,14.1,2463,DreamWorks Distribution,12414,1998
635,The Pacifier,30552694,113086868,27,3131,Walt Disney Studios Motion Pictures,9758,2005
636,Dracula,30521679,82522790,37,2491,Columbia Pictures,12252,1992
637,The Happening,30517109,64506874,47.3,2986,Twentieth Century Fox,10220,2008
638,Just Go with It,30514732,103028109,29.6,3548,Sony Pictures Releasing,8600,2011
639,The Day the Earth Stood Still,30480153,79366978,38.4,3560,Twentieth Century Fox,8561,2008
640,Dear John,30468614,80014842,38.1,2969,Screen Gems,10262,2010
641,The Lost City,30453269,105344029,28.9,4253,Paramount Pictures,7160,2022
642,John Wick: Chapter 2,30436123,92029184,33.1,3113,Lionsgate,9777,2017
643,Night at the Museum,30433781,250863268,12.1,3685,Twentieth Century Fox,8258,2006
644,M3GAN,30429860,95159005,32,3509,Universal Pictures,8671,2023
645,Olympus Has Fallen,30373794,98925640,30.7,3098,FilmDistrict,9804,2013
646,Unbreakable,30330771,95011339,31.9,2708,Walt Disney Studios Motion Pictures,11200,2000
647,Maze Runner: The Scorch Trials,30316510,81697192,37.1,3791,Twentieth Century Fox,7996,2015
648,Cloudy with a Chance of Meatballs,30304648,124870275,24.3,3119,Sony Pictures Releasing,9716,2009
649,The Addams Family,30300007,100044905,30.3,4007,United Artists Releasing,7561,2019
650,America's Sweethearts,30181877,93607673,32.2,3011,Revolution Studios,10023,2001
651,John Carter,30180188,73078100,41.3,3749,Walt Disney Studios Motion Pictures,8050,2012
652,The Lion King,30151614,94242001,32,2330,Walt Disney Studios Motion Pictures,12940,2011
653,The X Files,30138758,83898313,35.9,2629,Twentieth Century Fox,11463,1998
654,Django Unchained,30122888,162805434,18.5,3010,The Weinstein Company,10007,2012
655,Shazam! Fury of the Gods,30111158,57638006,52.2,4071,Warner Bros.,7396,2023
656,The Best Man Holiday,30107555,70525195,42.7,2024,Universal Pictures,14875,2013
657,Trainwreck,30097040,110212700,27.3,3158,Universal Pictures,9530,2015
658,Prince of Persia: The Sands of Time,30095259,90759676,33.2,3646,Walt Disney Studios Motion Pictures,8254,2010
659,Dodgeball: A True Underdog Story,30070196,114326736,26.3,2694,Twentieth Century Fox,11161,2004
660,A Series of Unfortunate Events,30061756,118634549,25.3,3620,Paramount Pictures,8304,2004
661,Sleepy Hollow,30060467,101071502,29.7,3064,Paramount Pictures,9810,1999
662,Panic Room,30056751,96397334,31.2,3053,Sony Pictures Releasing,9844,2002
663,The Exorcism of Emily Rose,30054300,75072454,40,2981,Screen Gems,10081,2005
664,Saw V,30053954,56746769,53,3060,Lionsgate,9821,2008
665,Catch Me If You Can,30053627,164615351,18.3,3156,DreamWorks Distribution,9522,2002
666,A Christmas Carol,30051075,137855863,21.8,3683,Walt Disney Studios Motion Pictures,8159,2009
667,Men in Black: International,30035838,80001807,37.5,4224,Sony Pictures Releasing,7110,2019
668,Madea's Family Reunion,30030661,63257940,47.5,2194,Lionsgate,13687,2006
669,Bullet Train,30030156,103368602,29,4357,Sony Pictures Releasing,6892,2022
670,Scream,30018805,81641405,36.8,3664,Paramount Pictures,8192,2022
671,28 Years Later,30002966,70446897,42.6,3444,Sony Pictures Releasing,8711,2025
672,Meg 2: The Trench,30002735,82600317,36.3,3503,Warner Bros.,8564,2023
673,Trolls Band Together,30002525,103270155,29,3870,Universal Pictures,7752,2023
674,The Purge: Anarchy,29816675,71962800,41.4,2805,Universal Pictures,10629,2014
675,Elysium,29807393,93050117,32,3284,TriStar Pictures,9076,2013
676,Hercules,29800263,72688614,41,3595,Paramount Pictures,8289,2014
677,Constantine,29769098,75976178,39.2,3006,Warner Bros.,9903,2005
678,What Lies Beneath,29702959,155464351,19.1,2813,DreamWorks Distribution,10559,2000
679,The Flintstones,29688730,130531208,22.7,2498,Universal Pictures,11885,1994
680,Dark Shadows,29685274,79727149,37.2,3755,Warner Bros.,7905,2012
681,Daddy's Home 2,29651193,104029443,28.5,3575,Paramount Pictures,8294,2017
682,Creed,29632823,109767581,27,3404,Warner Bros.,8705,2015
683,Elemental,29602429,154426697,19.2,4035,Walt Disney Studios Motion Pictures,7336,2023
684,Insidious: The Last Key,29581355,67745330,43.7,3116,Universal Pictures,9493,2018
685,Justin Bieber: Never Say Never,29514054,73013910,40.4,3105,Paramount Pictures,9505,2011
686,Ghostbusters II,29472894,112494738,26.2,2410,Columbia Pictures,12229,1989
687,Scooby-Doo 2: Monsters Unleashed,29438331,84216833,35,3312,Warner Bros.,8888,2004
688,Indiana Jones and the Last Crusade,29355021,197171806,14.9,2327,Paramount Pictures,12614,1989
689,A.I. Artificial Intelligence,29352630,78616689,37.3,3242,Warner Bros.,9053,2001
690,Now You See Me,29350389,117723989,24.9,2925,Lionsgate,10034,2013
691,Beverly Hills Chihuahua,29300465,94514402,31,3215,Walt Disney Studios Motion Pictures,9113,2008
692,Why Did I Get Married Too?,29289537,60095852,48.7,2155,Lionsgate,13591,2010
693,Think Like a Man Too,29241911,65182182,44.9,2225,Screen Gems,13142,2014
694,The Muppets,29239026,88631237,33,3440,Walt Disney Studios Motion Pictures,8499,2011
695,The Lone Ranger,29210849,89302115,32.7,3904,Walt Disney Studios Motion Pictures,7482,2013
696,Eagle Eye,29150721,101440743,28.7,3510,DreamWorks,8305,2008
697,Toy Story,29140617,191796233,15.2,2457,Walt Disney Studios Motion Pictures,11860,1995
698,The Texas Chainsaw Massacre,29100000,80571655,36.1,3016,New Line Cinema,9648,2003
699,Spy,29085719,110825712,26.2,3711,Twentieth Century Fox,7837,2015
700,Terminator: Dark Fate,29033832,62253077,46.6,4086,Paramount Pictures,7105,2019
701,The Divergent Series: Allegiant,29027348,66184051,43.9,3740,Lionsgate,7761,2016
702,Doctor Dolittle,29014324,144156605,20.1,2777,Twentieth Century Fox,10448,1998
703,The Santa Clause 2,29008696,139236327,20.8,3350,Walt Disney Studios Motion Pictures,8659,2002
704,Paranormal Activity 4,29003866,53885000,53.8,3412,Paramount Pictures,8500,2012
705,Jackass Number Two,29002002,72778712,39.8,3059,Paramount Pictures,9480,2006
706,Inside Man,28954945,88513495,32.7,2818,Universal Pictures,10274,2006
707,Cast Away,28883406,233632142,12.4,2774,Twentieth Century Fox,10412,2000
708,Non-Stop,28875635,92168600,31.3,3090,Universal Pictures,9344,2014
709,Miss Peregrine's Home for Peculiar Children,28871140,87242834,33.1,3522,Twentieth Century Fox,8197,2016
710,Edge of Tomorrow,28760246,100206256,28.7,3490,Warner Bros.,8240,2014
711,Murder on the Orient Express,28681472,102826543,27.9,3341,Twentieth Century Fox,8584,2017
712,Bob Marley: One Love,28659004,96981216,29.6,3539,Paramount Pictures,8098,2024
713,Titanic,28638131,600683057,4.8,2674,Paramount Pictures,10709,1997
714,Mean Girls,28635307,72581770,39.4,3791,Paramount Pictures,7553,2024
715,Meet the Parents,28623300,166244045,17.2,2614,Universal Pictures,10950,2000
716,Obsessed,28612730,68261644,41.9,2514,Screen Gems,11381,2009
717,The Expendables 2,28591370,85028192,33.6,3316,Lionsgate,8622,2012
718,Freakier Friday,28583167,94185092,30.4,3975,Walt Disney Studios Motion Pictures,7190,2025
719,Alita: Battle Angel,28525613,85838210,33.2,3790,Twentieth Century Fox,7526,2019
720,Boo! A Madea Halloween,28501448,73206343,38.9,2260,Lionsgate,12611,2016
721,Anchorman: The Legend of Ron Burgundy,28416365,85288303,33.3,3091,DreamWorks Distribution,9193,2004
722,Mama,28402310,71628180,39.6,2647,Universal Pictures,10730,2013
723,Free Guy,28365416,121626598,23.3,4165,20th Century Studios,6810,2021
724,Nacho Libre,28309599,80197993,35.3,3070,Paramount Pictures,9221,2006
725,Horrible Bosses,28302165,117538559,24.1,3040,Warner Bros.,9309,2011
726,The Invisible Man,28205665,70410000,40.1,3610,Universal Pictures,7813,2020
727,Erin Brockovich,28138465,125595205,22.4,2848,Universal Pictures,9880,2000
728,Pacific Rim: Uprising,28116535,59874525,47,3708,Universal Pictures,7582,2018
729,Starsky & Hutch,28103367,88237754,31.8,3185,Warner Bros.,8823,2004
730,Sin City,28100000,74103820,37.9,3230,Dimension Films,8699,2005
731,Teenage Mutant Ninja Turtles: Mutant Mayhem,28007544,118700272,23.6,3858,Paramount Pictures,7259,2023
732,Back to the Future Part II,27835125,118811197,23.4,1865,Universal Pictures,14925,1989
733,Hairspray,27800000,118871849,23.4,3121,New Line Cinema,8907,2007
734,The Matrix,27788331,171479930,16.2,2849,Warner Bros.,9753,1999
735,He's Just Not That Into You,27785487,93953653,29.6,3175,Warner Bros.,8751,2009
736,Mamma Mia!,27751240,144290968,19.2,2976,Universal Pictures,9325,2008
737,The Fall Guy,27747035,92900355,29.9,4002,Universal Pictures,6933,2024
738,Big Momma's House 2,27736056,70165972,39.5,3261,Twentieth Century Fox,8505,2006
739,Jarhead,27726210,62658220,44.2,2411,Universal Pictures,11499,2005
740,Along Came Polly,27721185,88097164,31.5,2984,Universal Pictures,9289,2004
741,Wild Wild West,27687484,113804681,24.3,3342,Warner Bros.,8284,1999
742,Aquaman and the Lost Kingdom,27686211,124481226,22.2,3706,Warner Bros.,7470,2023
743,Daddy Day Care,27623580,104297061,26.5,3370,Revolution Studios,8196,2003
744,The Ugly Truth,27605576,88915214,31,2882,Sony Pictures Releasing,9578,2009
745,Cheaper by the Dozen,27557647,138614544,19.9,3298,Twentieth Century Fox,8355,2003
746,Wonder,27547866,132422809,20.8,3096,Lionsgate,8897,2017
747,The Devil Wears Prada,27537244,124740460,22.1,2847,Twentieth Century Fox,9672,2006
748,Space Jam,27528529,90418342,30.4,2650,Warner Bros.,10388,1996
749,After Earth,27520040,60522097,45.5,3401,Sony Pictures Releasing,8091,2013
750,Beowulf,27515871,82280579,33.4,3153,Paramount Pictures,8726,2007
751,42,27487144,95020213,28.9,3003,Warner Bros.,9153,2013
752,Bedtime Stories,27450296,110101975,24.9,3681,Walt Disney Studios Motion Pictures,7457,2008
753,The Final Destination,27408309,66477700,41.2,3121,Warner Bros.,8781,2009
754,Jumper,27354808,80172128,34.1,3428,Twentieth Century Fox,7979,2008
755,Journey 2: The Mysterious Island,27335363,103860290,26.3,3470,Warner Bros.,7877,2012
756,Black Phone 2,27332040,34394545,79.5,3411,Universal Pictures,8012,2025
757,The Rugrats Movie,27321470,100494675,27.2,2782,Paramount Pictures,9820,1998
758,Real Steel,27319677,85468508,32,3440,Walt Disney Studios Motion Pictures,7941,2011
759,Les Mis?rables,27281735,148809770,18.3,2814,Universal Pictures,9695,2012
760,Night School,27257615,77339130,35.2,3010,Universal Pictures,9055,2018
761,Encanto,27206494,96093622,28.3,3980,Walt Disney Studios Motion Pictures,6835,2021
762,Jack the Giant Slayer,27202226,65187603,41.7,3525,Warner Bros.,7716,2013
763,The Bourne Identity,27118640,121661683,22.3,2638,Universal Pictures,10280,2002
764,A Madea Family Funeral,27062332,73257045,36.9,2442,Lionsgate,11082,2019
765,2 Guns,27059130,75612460,35.8,3025,Universal Pictures,8945,2013
766,Terminator Genisys,27018486,89760956,30.1,3758,Paramount Pictures,7189,2015
767,Ender's Game,27017351,61737191,43.8,3407,Lionsgate,7929,2013
768,The Departed,26887467,132384315,20.3,3017,Warner Bros.,8911,2006
769,Alice Through the Looking Glass,26858726,77041381,34.9,3763,Walt Disney Studios Motion Pictures,7137,2016
770,Underworld: Evolution,26857181,62318875,43.1,3207,Screen Gems,8374,2006
771,The Curious Case of Benjamin Button,26853816,127509326,21.1,2988,Paramount Pictures,8987,2008
772,Zombieland: Double Tap,26803104,73123082,36.6,3468,Sony Pictures Releasing,7728,2019
773,Knives Out,26769548,165363234,16.2,3461,Lionsgate,7734,2019
774,Flubber,26725207,92977226,28.7,2641,Walt Disney Studios Motion Pictures,10119,1997
775,Dawn of the Dead,26722575,59020957,45.3,2745,Universal Pictures,9735,2004
776,The Sixth Sense,26681262,293506292,9.1,2161,Walt Disney Studios Motion Pictures,12346,1999
777,Resident Evil: Afterlife,26650264,60128566,44.3,3203,Screen Gems,8320,2010
778,The House with a Clock in Its Walls,26608020,68549695,38.8,3592,Universal Pictures,7407,2018
779,The Campaign,26588460,86907746,30.6,3205,Warner Bros.,8295,2012
780,Spy Kids,26546881,112719001,23.6,3104,Miramax,8552,2001
781,The Pursuit of Happyness,26541709,163566459,16.2,2852,Sony Pictures Releasing,9306,2006
782,Crazy Rich Asians,26510140,174532921,15.2,3384,Warner Bros.,7833,2018
783,The Exorcist: Believer,26497600,65537395,40.4,3663,Universal Pictures,7233,2023
784,Borat,26455463,128505958,20.6,837,Twentieth Century Fox,31607,2006
785,All Eyez on Me,26435354,44922302,58.8,2471,Lionsgate,10698,2017
786,We're the Millers,26419396,150394119,17.6,3260,Warner Bros.,8104,2013
787,Hollow Man,26414386,73209340,36.1,2956,Sony Pictures Releasing,8935,2000
788,Don't Breathe,26411706,89217875,29.6,3051,Screen Gems,8656,2016
789,Halloween,26362367,58272029,45.2,3472,Metro-Goldwyn-Mayer (MGM),7592,2007
790,Beverly Hills Cop II,26348555,153665036,17.2,2326,Paramount Pictures,11327,1987
791,The Curse of La Llorona,26347631,54733739,48.1,3372,Warner Bros.,7813,2019
792,Furiosa: A Mad Max Saga,26326462,67475791,39,3804,Warner Bros.,6920,2024
793,Bridesmaids,26247410,169106725,15.5,2918,Universal Pictures,8995,2011
794,Anchorman 2: The Legend Continues,26232425,125168368,21,3507,Paramount Pictures,7480,2013
795,Bolt,26223128,114053579,23,3651,Walt Disney Studios Motion Pictures,7182,2008
796,The Suicide Squad,26205415,55817425,47,4002,Warner Bros.,6548,2021
797,GoldenEye,26205007,106429941,24.6,2667,Metro-Goldwyn-Mayer (MGM),9825,1995
798,The Golden Compass,26125000,70107728,37.3,3528,New Line Cinema,7405,2007
799,The Help,26044590,169708112,15.4,2534,Walt Disney Studios Motion Pictures,10278,2011
800,Happy Death Day,26039025,55683845,46.8,3149,Universal Pictures,8268,2017
801,The Perfect Guy,25888154,57027435,45.4,2221,Screen Gems,11656,2015
802,True Lies,25869770,146282411,17.7,2368,Twentieth Century Fox,10924,1994
803,Tropic Thunder,25812796,110515313,23.4,3319,DreamWorks,7777,2008
804,Evil Dead,25775847,54239856,47.5,3025,TriStar Pictures,8520,2013
805,Rocketman,25725722,96368160,26.7,3610,Paramount Pictures,7126,2019
806,Miami Vice,25723815,63450470,40.5,3021,Universal Pictures,8515,2006
807,Captain Phillips,25718314,107100855,24,3020,Sony Pictures Releasing,8515,2013
808,Fantastic Four,25685737,56117548,45.8,3995,Twentieth Century Fox,6429,2015
809,The A-Team,25669455,77222099,33.2,3535,Twentieth Century Fox,7261,2010
810,Big Momma's House,25661041,117559438,21.8,2802,Twentieth Century Fox,9158,2000
811,About Last Night,25649011,48637684,52.7,2253,Screen Gems,11384,2014
812,V for Vendetta,25642340,70511035,36.4,3365,Warner Bros.,7620,2006
813,Robin Hood: Prince of Thieves,25625602,165493908,15.5,2369,Warner Bros.,10817,1991
814,Son of God,25601865,59700064,42.9,3260,Twentieth Century Fox,7853,2014
815,Kill Bill: Vol. 2,25600000,66208183,38.7,2971,Miramax,8616,2004
816,Total Recall,25577758,58877969,43.4,3601,Sony Pictures Releasing,7102,2012
817,Civil War,25537368,68756072,37.1,3838,A24,6653,2024
818,Battleship,25534825,65422625,39,3690,Universal Pictures,6920,2012
819,Total Recall,25533700,119394840,21.4,2060,Sony Pictures Releasing,12395,1990
820,Star Wars: Episode III - Revenge of the Sith,25495049,34107714,74.8,2800,Walt Disney Studios Motion Pictures,9105,2025
821,Penguins of Madagascar,25447444,83850911,30.4,3764,Twentieth Century Fox,6760,2014
822,The Visit,25427560,65206105,39,3069,Universal Pictures,8285,2015
823,The Nutty Professor,25411725,128814019,19.7,2115,Universal Pictures,12015,1996
824,The Firm,25400000,158348367,16,2393,Paramount Pictures,10614,1993
825,Teenage Mutant Ninja Turtles,25398367,135265915,18.8,2006,New Line Cinema,12661,1990
826,Madea's Witness Protection,25390575,65653242,38.7,2161,Lionsgate,11749,2012
827,Gnomeo & Juliet,25356909,99967670,25.4,2994,Walt Disney Studios Motion Pictures,8469,2011
828,Apollo 13,25353380,172071312,14.7,2197,Universal Pictures,11540,1995
829,Indiana Jones and the Temple of Doom,25337110,179870271,14.1,1687,Paramount Pictures,15019,1984
830,Gone in 60 Seconds,25336048,101648571,24.9,3006,Walt Disney Studios Motion Pictures,8428,2000
831,Underworld: Awakening,25306725,62321039,40.6,3078,Screen Gems,8221,2012
832,Public Enemies,25271675,97104620,26,3334,Universal Pictures,7579,2009
833,Patch Adams,25262280,135026902,18.7,2712,Universal Pictures,9315,1998
834,Date Night,25207599,98711404,25.5,3374,Twentieth Century Fox,7471,2010
835,Tomorrow Never Dies,25143007,125304276,20.1,2807,Metro-Goldwyn-Mayer (MGM),8957,1997
836,Meet the Robinsons,25123781,97822171,25.7,3413,Walt Disney Studios Motion Pictures,7361,2007
837,Master and Commander: The Far Side of the World,25105990,93927920,26.7,3101,Twentieth Century Fox,8096,2003
838,The Rock,25069525,134069511,18.7,2392,Walt Disney Studios Motion Pictures,10480,1996
839,Madea's Big Happy Family,25068677,53345287,47,2288,Lionsgate,10956,2011
840,Dr. Dolittle 2,25037039,112952899,22.2,3049,Twentieth Century Fox,8211,2001
841,Blue Beetle,25030225,72488072,34.5,3871,Warner Bros.,6466,2023
842,Vanilla Sky,25015518,100618344,24.9,2742,Paramount Pictures,9123,2001
843,Peter Rabbit,25010928,115253424,21.7,3725,Sony Pictures Releasing,6714,2018
844,Jack and Jill,25003575,74158157,33.7,3438,Sony Pictures Releasing,7272,2011
845,Skyscraper,24905015,68420120,36.4,3782,Universal Pictures,6585,2018
846,Flight,24900566,93772375,26.6,1884,Paramount Pictures,13216,2012
847,White House Down,24852258,73103784,34,3222,Sony Pictures Releasing,7713,2013
848,A Good Day to Die Hard,24834845,67349198,36.9,3553,Twentieth Century Fox,6989,2013
849,True Grit,24830443,171243005,14.5,3047,Paramount Pictures,8149,2010
850,The Call of the Wild,24791624,62342368,39.8,3752,20th Century Studios,6607,2020
851,The Other Woman,24763752,83911193,29.5,3205,Twentieth Century Fox,7726,2014
852,Predators,24760882,52000688,47.6,2669,Twentieth Century Fox,9277,2010
853,Zombieland,24733155,75590286,32.7,3036,Sony Pictures Releasing,8146,2009
854,10 Cloverfield Lane,24727437,72082998,34.3,3391,Paramount Pictures,7292,2016
855,Taken,24717037,145000989,17,3183,Twentieth Century Fox,7765,2009
856,The Accountant,24710273,86260045,28.6,3332,Warner Bros.,7416,2016
857,Collateral,24701458,101005703,24.5,3188,DreamWorks Distribution,7748,2004
858,Congo,24642539,81022101,30.4,2649,Paramount Pictures,9302,1995
859,The Butler,24637312,116632095,21.1,2933,The Weinstein Company,8400,2013
860,The Predator,24632284,51024708,48.3,4037,Twentieth Century Fox,6101,2018
861,Flightplan,24629938,89707299,27.5,3424,Walt Disney Studios Motion Pictures,7193,2005
862,Transformers One,24613970,59098421,41.6,3978,Paramount Pictures,6187,2024
863,Knowing,24604751,79957634,30.8,3332,Summit Entertainment,7384,2009
864,Christopher Robin,24585139,99215042,24.8,3602,Walt Disney Studios Motion Pictures,6825,2018
865,Eraser,24566446,101295562,24.2,2410,Warner Bros.,10193,1996
866,The Girl on the Train,24536265,75395035,32.5,3144,Universal Pictures,7804,2016
867,The Accountant 2,24533959,65523366,37.4,3610,Amazon MGM Studios,6796,2025
868,The Emoji Movie,24531923,86089513,28.5,4075,Sony Pictures Releasing,6020,2017
869,Evil Dead Rise,24504315,67233054,36.4,3402,Warner Bros.,7202,2023
870,Pet Sematary,24502775,54724696,44.8,3585,Paramount Pictures,6834,2019
871,Ballerina,24501663,58051327,42.2,3409,Lionsgate,7187,2025
872,Act of Valor,24476632,70012847,35,3039,Relativity Media,8054,2012
873,Forrest Gump,24450602,329694499,7.4,1595,Paramount Pictures,15329,1994
874,Mean Girls,24432195,86058055,28.4,2839,Paramount Pictures,8605,2004
875,Failure to Launch,24411322,88715192,27.5,3057,Paramount Pictures,7985,2006
876,Race to Witch Mountain,24402214,67172594,36.3,3187,Walt Disney Studios Motion Pictures,7656,2009
877,Contraband,24349815,66528000,36.6,2863,Universal Pictures,8505,2012
878,The Chronicles of Riddick,24289165,57761012,42,2757,Universal Pictures,8809,2004
879,The Haunted Mansion,24278410,75847266,32,3122,Walt Disney Studios Motion Pictures,7776,2003
880,The Last Samurai,24271354,111127263,21.8,2908,Warner Bros.,8346,2003
881,TMNT,24255205,54149098,44.8,3110,Warner Bros.,7799,2007
882,No Good Deed,24250283,52543632,46.2,2175,Screen Gems,11149,2014
883,Barbershop 2: Back in Business,24241612,65111277,37.2,2711,Metro-Goldwyn-Mayer (MGM),8941,2004
884,"Me, Myself & Irene",24209385,90570999,26.7,3019,Twentieth Century Fox,8019,2000
885,The Addams Family,24203754,113502426,21.3,2411,Paramount Pictures,10038,1991
886,Coach Carter,24182961,67264877,36,2524,Paramount Pictures,9581,2005
887,Maze Runner: The Death Cure,24167011,58032443,41.6,3787,Twentieth Century Fox,6381,2018
888,Warcraft,24166110,47365290,51,3400,Universal Pictures,7107,2016
889,Con Air,24131738,101117573,23.9,2824,Walt Disney Studios Motion Pictures,8545,1997
890,Exodus: Gods and Kings,24115934,65014513,37.1,3503,Twentieth Century Fox,6884,2014
891,White Noise,24113565,56386759,42.8,2261,Universal Pictures,10665,2005
892,21,24105943,81159365,29.7,2648,Sony Pictures Releasing,9103,2008
893,The Conjuring: The Devil Made Me Do It,24104332,65631050,36.7,3102,Warner Bros.,7770,2021
894,Haunted Mansion,24082475,67653287,35.6,3740,Walt Disney Studios Motion Pictures,6439,2023
895,Arrival,24074047,100546139,23.9,2317,Paramount Pictures,10390,2016
896,Tower Heist,24025190,78046570,30.8,3367,Universal Pictures,7135,2011
897,Pixels,24011616,78747585,30.5,3723,Sony Pictures Releasing,6449,2015
898,The Garfield Movie,24006629,91956547,26.1,4035,Sony Pictures Releasing,5949,2024
899,The Chronicles of Narnia: The Voyage of the Dawn Treader,24005069,104386950,23,3555,Twentieth Century Fox,6752,2010
900,Monster-in-Law,24000000,82931301,28.9,3424,New Line Cinema,7009,2005
901,The Fast and the Furious: Tokyo Drift,23973840,62514415,38.4,3027,Universal Pictures,7920,2006
902,The Bad Guys,23950245,97459240,24.6,4008,Universal Pictures,5975,2022
903,Fahrenheit 9/11,23920637,119194771,20.1,868,Lionsgate,27558,2004
904,Captain Underpants: The First Epic Movie,23851539,73921000,32.3,3434,Twentieth Century Fox,6945,2017
905,Bad Moms,23817340,113257297,21,3215,STX Entertainment,7408,2016
906,The Town,23808032,92186262,25.8,2861,Warner Bros.,8321,2010
907,How to Lose a Guy in 10 Days,23774850,105813373,22.5,2923,Paramount Pictures,8133,2003
908,Rise of the Guardians,23773465,103412758,23,3653,DreamWorks,6507,2012
909,Paul Blart: Mall Cop 2,23762435,71038190,33.4,3633,Sony Pictures Releasing,6540,2015
910,The Fugitive,23758855,183875760,12.9,2340,Warner Bros.,10153,1993
911,Diary of a Wimpy Kid: Rodrick Rules,23751502,52698535,45.1,3167,Twentieth Century Fox,7499,2011
912,17 Again,23722310,64167069,37,3255,Warner Bros.,7287,2009
913,Fury,23702421,85817906,27.6,3173,Sony Pictures Releasing,7470,2014
914,Resident Evil: Extinction,23678580,50648679,46.8,2828,Screen Gems,8372,2007
915,Tomb Raider,23633317,58250803,40.6,3854,Warner Bros.,6132,2018
916,The Black Phone,23633220,90123230,26.2,3150,Universal Pictures,7502,2022
917,Open Season,23624548,85105259,27.8,3833,Sony Pictures Releasing,6163,2006
918,Goosebumps,23618556,80080379,29.5,3501,Sony Pictures Releasing,6746,2015
919,The Boss,23586645,63285885,37.3,3480,Universal Pictures,6777,2016
920,Dinner for Schmucks,23527839,73026337,32.2,2911,DreamWorks,8082,2010
921,Mary Poppins Returns,23523121,171958438,13.7,4090,Walt Disney Studios Motion Pictures,5751,2018
922,Dracula Untold,23514615,56280355,41.8,2885,Universal Pictures,8150,2014
923,The Amityville Horror,23507007,65233369,36,3323,Metro-Goldwyn-Mayer (MGM),7074,2005
924,Be Cool,23450212,56046979,41.8,3216,Metro-Goldwyn-Mayer (MGM),7291,2005
925,I Can Do Bad All by Myself,23446785,51733921,45.3,2255,Lionsgate,10397,2009
926,Save the Last Dance,23444930,91057006,25.8,2230,Paramount Pictures,10513,2001
927,Once Upon a Time in Mexico,23424118,56359780,41.6,3282,Sony Pictures Releasing,7137,2003
928,Face/Off,23387530,112276146,20.8,2621,Paramount Pictures,8923,1997
929,The Taking of Pelham 123,23373102,65452312,35.7,3074,Sony Pictures Releasing,7603,2009
930,The Polar Express,23323463,162775358,14.3,3650,Warner Bros.,6389,2004
931,Mortal Kombat,23302503,42326031,55,3073,Warner Bros.,7582,2021
932,Mortal Kombat,23283887,70454098,33,2421,New Line Cinema,9617,1995
933,Cocaine Bear,23260790,64670240,36,3534,Universal Pictures,6582,2023
934,Killers of the Flower Moon,23253655,68035488,34.2,3628,Paramount Pictures,6409,2023
935,Pineapple Express,23245025,87341380,26.6,3072,Sony Pictures Releasing,7566,2008
936,Alvin and the Chipmunks: Chipwrecked,23244744,133110742,17.5,3723,Twentieth Century Fox,6243,2011
937,Eragon,23239907,75030163,31,3020,Twentieth Century Fox,7695,2006
938,This Is It,23234394,72091016,32.2,3481,Sony Pictures Releasing,6674,2009
939,Hellboy,23172440,59623958,38.9,3028,Revolution Studios,7652,2004
940,Double Jeopardy,23162542,116741558,19.8,2547,Paramount Pictures,9094,1999
941,Jackass Forever,23154388,57743451,40.1,3604,Paramount Pictures,6424,2022
942,The Mask,23117068,119938730,19.3,2360,New Line Cinema,9795,1994
943,Star Trek: Generations,23116394,75671125,30.6,2659,Paramount Pictures,8693,1994
944,Eat Pray Love,23104523,80574010,28.7,3082,Sony Pictures Releasing,7496,2010
945,The League of Extraordinary Gentlemen,23075892,66465204,34.7,3002,Twentieth Century Fox,7686,2003
946,Smallfoot,23045635,83240103,27.7,4131,Warner Bros.,5578,2018
947,Resident Evil: Apocalypse,23036273,51201453,45,3284,Screen Gems,7014,2004
948,Smile 2,23021692,69012586,33.4,3619,Paramount Pictures,6361,2024
949,Star Wars: Episode VI - Return of the Jedi,23019618,252583617,9.1,1002,Twentieth Century Fox,22973,1983
950,27 Dresses,23007725,76808654,30,3057,Twentieth Century Fox,7526,2008
951,The Haunting in Connecticut,23004765,55389516,41.5,2732,Lionsgate,8420,2009
952,DC League of Super-Pets,23003441,93657117,24.6,4314,Warner Bros.,5332,2022
953,The Princess Diaries 2: Royal Engagement,22956453,95170481,24.1,3472,Walt Disney Studios Motion Pictures,6611,2004
954,The Game Plan,22950971,90648202,25.3,3103,Walt Disney Studios Motion Pictures,7396,2007
955,Vantage Point,22874936,72266306,31.6,3149,Sony Pictures Releasing,7264,2008
956,Jack Reacher: Never Go Back,22872490,58697076,39,3780,Paramount Pictures,6050,2016
957,The Princess Diaries,22862269,108248956,21.1,2537,Walt Disney Studios Motion Pictures,9011,2001
958,Mission to Mars,22855247,60883407,37.5,3054,Walt Disney Studios Motion Pictures,7483,2000
959,The Interpreter,22822455,72708161,31.4,2758,Universal Pictures,8275,2005
960,PAW Patrol: The Mighty Movie,22764354,65343309,34.8,3989,Paramount Pictures,5706,2023
961,Jackass: The Movie,22763437,64255312,35.4,2509,Paramount Pictures,9072,2002
962,Man on Fire,22751490,77911774,29.2,2980,Twentieth Century Fox,7634,2004
963,Mulan,22745143,120620254,18.9,2888,Walt Disney Studios Motion Pictures,7875,1998
964,Rugrats in Paris,22718184,76507756,29.7,2934,Paramount Pictures,7743,2000
965,Insidious: Chapter 3,22692741,52218558,43.5,3002,Focus Features,7559,2015
966,Unstoppable,22688457,81562942,27.8,3207,Twentieth Century Fox,7074,2010
967,Funny People,22657780,51855045,43.7,3007,Universal Pictures,7535,2009
968,Black Mass,22635037,62575678,36.2,3188,Warner Bros.,7100,2015
969,Poltergeist,22620386,47425125,47.7,3240,Twentieth Century Fox,6981,2015
970,The Time Machine,22610437,56832494,39.8,2944,DreamWorks Distribution,7680,2002
971,Smile,22609925,105935048,21.3,3645,Paramount Pictures,6202,2022
972,Bridge to Terabithia,22564612,82272442,27.4,3139,Walt Disney Studios Motion Pictures,7188,2007
973,Training Day,22550788,76631907,29.4,2712,Warner Bros.,8315,2001
974,Dick Tracy,22543911,103738726,21.7,2332,Walt Disney Studios Motion Pictures,9667,1990
975,Saw 3D,22530123,45710178,49.3,2808,Lionsgate,8023,2010
976,The Mask of Zorro,22525855,94095523,23.9,2515,Sony Pictures Releasing,8956,1998
977,Heaven Is for Real,22522221,91443253,24.6,2417,TriStar Pictures,9318,2014
978,The Lucky One,22518358,60457138,37.2,3155,Warner Bros.,7137,2012
979,Shallow Hal,22518295,70839203,31.8,2770,Twentieth Century Fox,8129,2001
980,Star Wars: Episode I - The Phantom Menace,22469932,43458335,51.7,2655,Twentieth Century Fox,8463,2012
981,Life of Pi,22451514,124987023,18,2927,Twentieth Century Fox,7670,2012
982,The Social Network,22445653,96962694,23.2,2771,Sony Pictures Releasing,8100,2010
983,The Patriot,22413710,113330342,19.8,3061,Sony Pictures Releasing,7322,2000
984,Contagion,22403596,75658097,29.6,3222,Warner Bros.,6953,2011
985,Longlegs,22400119,74346140,30.1,2510,Neon,8924,2024
986,Now You See Me 2,22383146,65075540,34.4,3232,Lionsgate,6925,2016
987,Walk the Line,22347341,119519402,18.7,2961,Twentieth Century Fox,7547,2005
988,The General's Daughter,22332053,102705852,21.7,2856,Paramount Pictures,7819,1999
989,Sing 2,22326230,162790990,13.7,3892,Universal Pictures,5736,2021
990,Planes,22232291,90288712,24.6,3702,Walt Disney Studios Motion Pictures,6005,2013
991,Disturbia,22224982,80209692,27.7,2925,DreamWorks,7598,2007
992,"Legally Blonde 2: Red, White & Blonde",22220670,90186328,24.6,3350,Metro-Goldwyn-Mayer (MGM),6633,2003
993,Monster House,22217226,73661010,30.2,3553,Sony Pictures Releasing,6253,2006
994,Freaky Friday,22203007,110230332,20.1,2954,Walt Disney Studios Motion Pictures,7516,2003
995,Kill Bill: Vol. 1,22200000,70099045,31.7,3102,Miramax,7156,2003
996,Die Hard with a Vengeance,22162245,100012499,22.2,2525,Twentieth Century Fox,8777,1995
997,Poseidon,22155410,60674817,36.5,3555,Warner Bros.,6232,2006
998,Diary of a Wimpy Kid,22126166,64003625,34.6,3077,Twentieth Century Fox,7190,2010
999,Ghost Rider: Spirit of Vengeance,22115334,51774002,42.7,3174,Sony Pictures Releasing,6967,2012
"1,000",It's Complicated,22100820,112735375,19.6,2887,Universal Pictures,7655,2009
